EPS;VAR_OF_INTEREST;TYPE_OF_USER
UT-004;Lesiones;8 - DESPLAZADO NO ASEGURADO O VINCULADO
UT-004;Enfermedades no transmisibles;8 - DESPLAZADO NO ASEGURADO O VINCULADO
UT-004;Condiciones transmisibles y nutricionales;8 - DESPLAZADO NO ASEGURADO O VINCULADO
UT-003;Signos y sintomas mal definidos;8 - DESPLAZADO NO ASEGURADO O VINCULADO
UT-003;Lesiones;8 - DESPLAZADO NO ASEGURADO O VINCULADO
UT-003;Enfermedades no transmisibles;8 - DESPLAZADO NO ASEGURADO O VINCULADO
UT-003;Condiciones transmisibles y nutricionales;8 - DESPLAZADO NO ASEGURADO O VINCULADO
UT-002;Signos y sintomas mal definidos;8 - DESPLAZADO NO ASEGURADO O VINCULADO
UT-002;Lesiones;8 - DESPLAZADO NO ASEGURADO O VINCULADO
UT-002;Enfermedades no transmisibles;8 - DESPLAZADO NO ASEGURADO O VINCULADO
UT-002;Condiciones transmisibles y nutricionales;8 - DESPLAZADO NO ASEGURADO O VINCULADO
UT-001;Signos y sintomas mal definidos;8 - DESPLAZADO NO ASEGURADO O VINCULADO
UT-001;Lesiones;8 - DESPLAZADO NO ASEGURADO O VINCULADO
UT-001;Enfermedades no transmisibles;8 - DESPLAZADO NO ASEGURADO O VINCULADO
UT-001;Condiciones transmisibles y nutricionales;8 - DESPLAZADO NO ASEGURADO O VINCULADO
RES014;Signos y sintomas mal definidos;8 - DESPLAZADO NO ASEGURADO O VINCULADO
RES014;Lesiones;8 - DESPLAZADO NO ASEGURADO O VINCULADO
RES014;Enfermedades no transmisibles;8 - DESPLAZADO NO ASEGURADO O VINCULADO
RES014;Condiciones transmisibles y nutricionales;8 - DESPLAZADO NO ASEGURADO O VINCULADO
RES013;Signos y sintomas mal definidos;8 - DESPLAZADO NO ASEGURADO O VINCULADO
RES013;Lesiones;8 - DESPLAZADO NO ASEGURADO O VINCULADO
RES013;Enfermedades no transmisibles;8 - DESPLAZADO NO ASEGURADO O VINCULADO
RES013;Condiciones transmisibles y nutricionales;8 - DESPLAZADO NO ASEGURADO O VINCULADO
RES012;Signos y sintomas mal definidos;8 - DESPLAZADO NO ASEGURADO O VINCULADO
RES012;Lesiones;8 - DESPLAZADO NO ASEGURADO O VINCULADO
RES012;Enfermedades no transmisibles;8 - DESPLAZADO NO ASEGURADO O VINCULADO
RES012;Condiciones transmisibles y nutricionales;8 - DESPLAZADO NO ASEGURADO O VINCULADO
RES011;Signos y sintomas mal definidos;8 - DESPLAZADO NO ASEGURADO O VINCULADO
RES011;Lesiones;8 - DESPLAZADO NO ASEGURADO O VINCULADO
RES011;Enfermedades no transmisibles;8 - DESPLAZADO NO ASEGURADO O VINCULADO
RES011;Condiciones transmisibles y nutricionales;8 - DESPLAZADO NO ASEGURADO O VINCULADO
RES010;Signos y sintomas mal definidos;8 - DESPLAZADO NO ASEGURADO O VINCULADO
RES010;Lesiones;8 - DESPLAZADO NO ASEGURADO O VINCULADO
RES010;Enfermedades no transmisibles;8 - DESPLAZADO NO ASEGURADO O VINCULADO
RES010;Condiciones transmisibles y nutricionales;8 - DESPLAZADO NO ASEGURADO O VINCULADO
RES009;Signos y sintomas mal definidos;8 - DESPLAZADO NO ASEGURADO O VINCULADO
RES009;Lesiones;8 - DESPLAZADO NO ASEGURADO O VINCULADO
RES009;Enfermedades no transmisibles;8 - DESPLAZADO NO ASEGURADO O VINCULADO
RES009;Condiciones transmisibles y nutricionales;8 - DESPLAZADO NO ASEGURADO O VINCULADO
RES007;Signos y sintomas mal definidos;8 - DESPLAZADO NO ASEGURADO O VINCULADO
RES007;Lesiones;8 - DESPLAZADO NO ASEGURADO O VINCULADO
RES007;Enfermedades no transmisibles;8 - DESPLAZADO NO ASEGURADO O VINCULADO
RES007;Condiciones transmisibles y nutricionales;8 - DESPLAZADO NO ASEGURADO O VINCULADO
RES006;Signos y sintomas mal definidos;8 - DESPLAZADO NO ASEGURADO O VINCULADO
RES006;Lesiones;8 - DESPLAZADO NO ASEGURADO O VINCULADO
RES006;Enfermedades no transmisibles;8 - DESPLAZADO NO ASEGURADO O VINCULADO
RES006;Condiciones transmisibles y nutricionales;8 - DESPLAZADO NO ASEGURADO O VINCULADO
RES005;Signos y sintomas mal definidos;8 - DESPLAZADO NO ASEGURADO O VINCULADO
RES005;Lesiones;8 - DESPLAZADO NO ASEGURADO O VINCULADO
RES005;Enfermedades no transmisibles;8 - DESPLAZADO NO ASEGURADO O VINCULADO
RES005;Condiciones transmisibles y nutricionales;8 - DESPLAZADO NO ASEGURADO O VINCULADO
RES004;Signos y sintomas mal definidos;8 - DESPLAZADO NO ASEGURADO O VINCULADO
RES004;Lesiones;8 - DESPLAZADO NO ASEGURADO O VINCULADO
RES004;Enfermedades no transmisibles;8 - DESPLAZADO NO ASEGURADO O VINCULADO
RES004;Condiciones transmisibles y nutricionales;8 - DESPLAZADO NO ASEGURADO O VINCULADO
RES002;Signos y sintomas mal definidos;8 - DESPLAZADO NO ASEGURADO O VINCULADO
RES002;Lesiones;8 - DESPLAZADO NO ASEGURADO O VINCULADO
RES002;Enfermedades no transmisibles;8 - DESPLAZADO NO ASEGURADO O VINCULADO
RES002;Condiciones transmisibles y nutricionales;8 - DESPLAZADO NO ASEGURADO O VINCULADO
POL001;Signos y sintomas mal definidos;8 - DESPLAZADO NO ASEGURADO O VINCULADO
POL001;Lesiones;8 - DESPLAZADO NO ASEGURADO O VINCULADO
POL001;Enfermedades no transmisibles;8 - DESPLAZADO NO ASEGURADO O VINCULADO
POL001;Condiciones transmisibles y nutricionales;8 - DESPLAZADO NO ASEGURADO O VINCULADO
FMS001;Signos y sintomas mal definidos;8 - DESPLAZADO NO ASEGURADO O VINCULADO
FMS001;Lesiones;8 - DESPLAZADO NO ASEGURADO O VINCULADO
FMS001;Enfermedades no transmisibles;8 - DESPLAZADO NO ASEGURADO O VINCULADO
FMS001;Condiciones transmisibles y nutricionales;8 - DESPLAZADO NO ASEGURADO O VINCULADO
ESSC91;Signos y sintomas mal definidos;8 - DESPLAZADO NO ASEGURADO O VINCULADO
ESSC91;Lesiones;8 - DESPLAZADO NO ASEGURADO O VINCULADO
ESSC91;Enfermedades no transmisibles;8 - DESPLAZADO NO ASEGURADO O VINCULADO
ESSC91;Condiciones transmisibles y nutricionales;8 - DESPLAZADO NO ASEGURADO O VINCULADO
ESSC76;Signos y sintomas mal definidos;8 - DESPLAZADO NO ASEGURADO O VINCULADO
ESSC76;Lesiones;8 - DESPLAZADO NO ASEGURADO O VINCULADO
ESSC76;Enfermedades no transmisibles;8 - DESPLAZADO NO ASEGURADO O VINCULADO
ESSC76;Condiciones transmisibles y nutricionales;8 - DESPLAZADO NO ASEGURADO O VINCULADO
ESSC62;Signos y sintomas mal definidos;8 - DESPLAZADO NO ASEGURADO O VINCULADO
ESSC62;Lesiones;8 - DESPLAZADO NO ASEGURADO O VINCULADO
ESSC62;Enfermedades no transmisibles;8 - DESPLAZADO NO ASEGURADO O VINCULADO
ESSC62;Condiciones transmisibles y nutricionales;8 - DESPLAZADO NO ASEGURADO O VINCULADO
ESSC33;Signos y sintomas mal definidos;8 - DESPLAZADO NO ASEGURADO O VINCULADO
ESSC33;Lesiones;8 - DESPLAZADO NO ASEGURADO O VINCULADO
ESSC33;Enfermedades no transmisibles;8 - DESPLAZADO NO ASEGURADO O VINCULADO
ESSC33;Condiciones transmisibles y nutricionales;8 - DESPLAZADO NO ASEGURADO O VINCULADO
ESSC24;Signos y sintomas mal definidos;8 - DESPLAZADO NO ASEGURADO O VINCULADO
ESSC24;Lesiones;8 - DESPLAZADO NO ASEGURADO O VINCULADO
ESSC24;Enfermedades no transmisibles;8 - DESPLAZADO NO ASEGURADO O VINCULADO
ESSC24;Condiciones transmisibles y nutricionales;8 - DESPLAZADO NO ASEGURADO O VINCULADO
ESSC18;Signos y sintomas mal definidos;8 - DESPLAZADO NO ASEGURADO O VINCULADO
ESSC18;Lesiones;8 - DESPLAZADO NO ASEGURADO O VINCULADO
ESSC18;Enfermedades no transmisibles;8 - DESPLAZADO NO ASEGURADO O VINCULADO
ESSC18;Condiciones transmisibles y nutricionales;8 - DESPLAZADO NO ASEGURADO O VINCULADO
ESSC07;Signos y sintomas mal definidos;8 - DESPLAZADO NO ASEGURADO O VINCULADO
ESSC07;Lesiones;8 - DESPLAZADO NO ASEGURADO O VINCULADO
ESSC07;Enfermedades no transmisibles;8 - DESPLAZADO NO ASEGURADO O VINCULADO
ESSC07;Condiciones transmisibles y nutricionales;8 - DESPLAZADO NO ASEGURADO O VINCULADO
ESSC02;Signos y sintomas mal definidos;8 - DESPLAZADO NO ASEGURADO O VINCULADO
ESSC02;Lesiones;8 - DESPLAZADO NO ASEGURADO O VINCULADO
ESSC02;Enfermedades no transmisibles;8 - DESPLAZADO NO ASEGURADO O VINCULADO
ESSC02;Enfermedades no transmisibles;4 - PARTICULAR
ESSC02;Condiciones transmisibles y nutricionales;8 - DESPLAZADO NO ASEGURADO O VINCULADO
ESSC02;Condiciones transmisibles y nutricionales;4 - PARTICULAR
ESS207;Signos y sintomas mal definidos;8 - DESPLAZADO NO ASEGURADO O VINCULADO
ESS207;Signos y sintomas mal definidos;4 - PARTICULAR
ESS207;Lesiones;8 - DESPLAZADO NO ASEGURADO O VINCULADO
ESS207;Lesiones;4 - PARTICULAR
ESS207;Enfermedades no transmisibles;8 - DESPLAZADO NO ASEGURADO O VINCULADO
ESS207;Enfermedades no transmisibles;4 - PARTICULAR
ESS207;Condiciones transmisibles y nutricionales;8 - DESPLAZADO NO ASEGURADO O VINCULADO
ESS207;Condiciones transmisibles y nutricionales;4 - PARTICULAR
ESS133;Signos y sintomas mal definidos;8 - DESPLAZADO NO ASEGURADO O VINCULADO
ESS133;Signos y sintomas mal definidos;4 - PARTICULAR
ESS133;Lesiones;8 - DESPLAZADO NO ASEGURADO O VINCULADO
ESS133;Lesiones;4 - PARTICULAR
ESS133;Enfermedades no transmisibles;8 - DESPLAZADO NO ASEGURADO O VINCULADO
ESS133;Enfermedades no transmisibles;4 - PARTICULAR
ESS133;Condiciones transmisibles y nutricionales;8 - DESPLAZADO NO ASEGURADO O VINCULADO
ESS133;Condiciones transmisibles y nutricionales;4 - PARTICULAR
ESS118;Signos y sintomas mal definidos;8 - DESPLAZADO NO ASEGURADO O VINCULADO
ESS118;Signos y sintomas mal definidos;4 - PARTICULAR
ESS118;Lesiones;8 - DESPLAZADO NO ASEGURADO O VINCULADO
ESS118;Lesiones;4 - PARTICULAR
ESS118;Enfermedades no transmisibles;8 - DESPLAZADO NO ASEGURADO O VINCULADO
ESS118;Enfermedades no transmisibles;4 - PARTICULAR
ESS118;Condiciones transmisibles y nutricionales;8 - DESPLAZADO NO ASEGURADO O VINCULADO
ESS118;Condiciones transmisibles y nutricionales;4 - PARTICULAR
ESS115;Signos y sintomas mal definidos;8 - DESPLAZADO NO ASEGURADO O VINCULADO
ESS115;Signos y sintomas mal definidos;4 - PARTICULAR
ESS115;Lesiones;8 - DESPLAZADO NO ASEGURADO O VINCULADO
ESS115;Lesiones;4 - PARTICULAR
ESS115;Enfermedades no transmisibles;8 - DESPLAZADO NO ASEGURADO O VINCULADO
ESS115;Enfermedades no transmisibles;4 - PARTICULAR
ESS115;Condiciones transmisibles y nutricionales;8 - DESPLAZADO NO ASEGURADO O VINCULADO
ESS115;Condiciones transmisibles y nutricionales;4 - PARTICULAR
ESS091;Signos y sintomas mal definidos;8 - DESPLAZADO NO ASEGURADO O VINCULADO
ESS091;Signos y sintomas mal definidos;4 - PARTICULAR
ESS091;Lesiones;8 - DESPLAZADO NO ASEGURADO O VINCULADO
ESS091;Lesiones;4 - PARTICULAR
ESS091;Enfermedades no transmisibles;8 - DESPLAZADO NO ASEGURADO O VINCULADO
ESS091;Enfermedades no transmisibles;4 - PARTICULAR
ESS091;Condiciones transmisibles y nutricionales;8 - DESPLAZADO NO ASEGURADO O VINCULADO
ESS091;Condiciones transmisibles y nutricionales;4 - PARTICULAR
ESS076;Signos y sintomas mal definidos;8 - DESPLAZADO NO ASEGURADO O VINCULADO
ESS076;Signos y sintomas mal definidos;4 - PARTICULAR
ESS076;Lesiones;8 - DESPLAZADO NO ASEGURADO O VINCULADO
ESS076;Lesiones;4 - PARTICULAR
ESS076;Enfermedades no transmisibles;8 - DESPLAZADO NO ASEGURADO O VINCULADO
ESS076;Enfermedades no transmisibles;4 - PARTICULAR
ESS076;Condiciones transmisibles y nutricionales;8 - DESPLAZADO NO ASEGURADO O VINCULADO
ESS076;Condiciones transmisibles y nutricionales;4 - PARTICULAR
ESS068;Signos y sintomas mal definidos;8 - DESPLAZADO NO ASEGURADO O VINCULADO
ESS068;Signos y sintomas mal definidos;4 - PARTICULAR
ESS068;Lesiones;8 - DESPLAZADO NO ASEGURADO O VINCULADO
ESS068;Lesiones;4 - PARTICULAR
ESS068;Enfermedades no transmisibles;8 - DESPLAZADO NO ASEGURADO O VINCULADO
ESS068;Enfermedades no transmisibles;4 - PARTICULAR
ESS068;Condiciones transmisibles y nutricionales;8 - DESPLAZADO NO ASEGURADO O VINCULADO
ESS068;Condiciones transmisibles y nutricionales;4 - PARTICULAR
ESS062;Signos y sintomas mal definidos;8 - DESPLAZADO NO ASEGURADO O VINCULADO
ESS062;Signos y sintomas mal definidos;4 - PARTICULAR
ESS062;Lesiones;8 - DESPLAZADO NO ASEGURADO O VINCULADO
ESS062;Lesiones;4 - PARTICULAR
ESS062;Enfermedades no transmisibles;8 - DESPLAZADO NO ASEGURADO O VINCULADO
ESS062;Enfermedades no transmisibles;4 - PARTICULAR
ESS062;Condiciones transmisibles y nutricionales;8 - DESPLAZADO NO ASEGURADO O VINCULADO
ESS062;Condiciones transmisibles y nutricionales;4 - PARTICULAR
ESS024;Signos y sintomas mal definidos;8 - DESPLAZADO NO ASEGURADO O VINCULADO
ESS024;Signos y sintomas mal definidos;4 - PARTICULAR
ESS024;Lesiones;8 - DESPLAZADO NO ASEGURADO O VINCULADO
ESS024;Lesiones;4 - PARTICULAR
ESS024;Enfermedades no transmisibles;8 - DESPLAZADO NO ASEGURADO O VINCULADO
ESS024;Enfermedades no transmisibles;4 - PARTICULAR
ESS024;Condiciones transmisibles y nutricionales;8 - DESPLAZADO NO ASEGURADO O VINCULADO
ESS024;Condiciones transmisibles y nutricionales;4 - PARTICULAR
ESS002;Signos y sintomas mal definidos;8 - DESPLAZADO NO ASEGURADO O VINCULADO
ESS002;Signos y sintomas mal definidos;4 - PARTICULAR
ESS002;Lesiones;8 - DESPLAZADO NO ASEGURADO O VINCULADO
ESS002;Lesiones;4 - PARTICULAR
ESS002;Enfermedades no transmisibles;8 - DESPLAZADO NO ASEGURADO O VINCULADO
ESS002;Enfermedades no transmisibles;4 - PARTICULAR
ESS002;Condiciones transmisibles y nutricionales;8 - DESPLAZADO NO ASEGURADO O VINCULADO
ESS002;Condiciones transmisibles y nutricionales;4 - PARTICULAR
EPSS48;Signos y sintomas mal definidos;8 - DESPLAZADO NO ASEGURADO O VINCULADO
EPSS48;Signos y sintomas mal definidos;4 - PARTICULAR
EPSS48;Lesiones;8 - DESPLAZADO NO ASEGURADO O VINCULADO
EPSS48;Lesiones;4 - PARTICULAR
EPSS48;Enfermedades no transmisibles;8 - DESPLAZADO NO ASEGURADO O VINCULADO
EPSS48;Enfermedades no transmisibles;4 - PARTICULAR
EPSS48;Condiciones transmisibles y nutricionales;8 - DESPLAZADO NO ASEGURADO O VINCULADO
EPSS48;Condiciones transmisibles y nutricionales;4 - PARTICULAR
EPSS46;Signos y sintomas mal definidos;8 - DESPLAZADO NO ASEGURADO O VINCULADO
EPSS46;Signos y sintomas mal definidos;4 - PARTICULAR
EPSS46;Lesiones;8 - DESPLAZADO NO ASEGURADO O VINCULADO
EPSS46;Lesiones;4 - PARTICULAR
EPSS46;Enfermedades no transmisibles;8 - DESPLAZADO NO ASEGURADO O VINCULADO
EPSS46;Enfermedades no transmisibles;4 - PARTICULAR
EPSS46;Condiciones transmisibles y nutricionales;8 - DESPLAZADO NO ASEGURADO O VINCULADO
EPSS46;Condiciones transmisibles y nutricionales;4 - PARTICULAR
EPSS45;Signos y sintomas mal definidos;8 - DESPLAZADO NO ASEGURADO O VINCULADO
EPSS45;Signos y sintomas mal definidos;4 - PARTICULAR
EPSS45;Lesiones;8 - DESPLAZADO NO ASEGURADO O VINCULADO
EPSS45;Lesiones;4 - PARTICULAR
EPSS45;Enfermedades no transmisibles;8 - DESPLAZADO NO ASEGURADO O VINCULADO
EPSS45;Enfermedades no transmisibles;4 - PARTICULAR
EPSS45;Condiciones transmisibles y nutricionales;8 - DESPLAZADO NO ASEGURADO O VINCULADO
EPSS45;Condiciones transmisibles y nutricionales;4 - PARTICULAR
EPSS44;Signos y sintomas mal definidos;8 - DESPLAZADO NO ASEGURADO O VINCULADO
EPSS44;Signos y sintomas mal definidos;4 - PARTICULAR
EPSS44;Lesiones;8 - DESPLAZADO NO ASEGURADO O VINCULADO
EPSS44;Lesiones;4 - PARTICULAR
EPSS44;Enfermedades no transmisibles;8 - DESPLAZADO NO ASEGURADO O VINCULADO
EPSS44;Enfermedades no transmisibles;4 - PARTICULAR
EPSS44;Condiciones transmisibles y nutricionales;8 - DESPLAZADO NO ASEGURADO O VINCULADO
EPSS44;Condiciones transmisibles y nutricionales;4 - PARTICULAR
EPSS42;Signos y sintomas mal definidos;8 - DESPLAZADO NO ASEGURADO O VINCULADO
EPSS42;Signos y sintomas mal definidos;4 - PARTICULAR
EPSS42;Lesiones;8 - DESPLAZADO NO ASEGURADO O VINCULADO
EPSS42;Lesiones;4 - PARTICULAR
EPSS42;Enfermedades no transmisibles;8 - DESPLAZADO NO ASEGURADO O VINCULADO
EPSS42;Enfermedades no transmisibles;4 - PARTICULAR
EPSS42;Condiciones transmisibles y nutricionales;8 - DESPLAZADO NO ASEGURADO O VINCULADO
EPSS42;Condiciones transmisibles y nutricionales;4 - PARTICULAR
EPSS41;Signos y sintomas mal definidos;8 - DESPLAZADO NO ASEGURADO O VINCULADO
EPSS41;Signos y sintomas mal definidos;4 - PARTICULAR
EPSS41;Lesiones;8 - DESPLAZADO NO ASEGURADO O VINCULADO
EPSS41;Lesiones;4 - PARTICULAR
EPSS41;Enfermedades no transmisibles;8 - DESPLAZADO NO ASEGURADO O VINCULADO
EPSS41;Enfermedades no transmisibles;4 - PARTICULAR
EPSS41;Condiciones transmisibles y nutricionales;8 - DESPLAZADO NO ASEGURADO O VINCULADO
EPSS41;Condiciones transmisibles y nutricionales;4 - PARTICULAR
EPSS40;Signos y sintomas mal definidos;8 - DESPLAZADO NO ASEGURADO O VINCULADO
EPSS40;Signos y sintomas mal definidos;4 - PARTICULAR
EPSS40;Lesiones;8 - DESPLAZADO NO ASEGURADO O VINCULADO
EPSS40;Lesiones;4 - PARTICULAR
EPSS40;Enfermedades no transmisibles;8 - DESPLAZADO NO ASEGURADO O VINCULADO
EPSS40;Enfermedades no transmisibles;4 - PARTICULAR
EPSS40;Condiciones transmisibles y nutricionales;8 - DESPLAZADO NO ASEGURADO O VINCULADO
EPSS40;Condiciones transmisibles y nutricionales;4 - PARTICULAR
EPSS39;Signos y sintomas mal definidos;8 - DESPLAZADO NO ASEGURADO O VINCULADO
EPSS39;Signos y sintomas mal definidos;4 - PARTICULAR
EPSS39;Lesiones;8 - DESPLAZADO NO ASEGURADO O VINCULADO
EPSS39;Lesiones;4 - PARTICULAR
EPSS39;Enfermedades no transmisibles;8 - DESPLAZADO NO ASEGURADO O VINCULADO
EPSS39;Enfermedades no transmisibles;4 - PARTICULAR
EPSS39;Condiciones transmisibles y nutricionales;8 - DESPLAZADO NO ASEGURADO O VINCULADO
EPSS39;Condiciones transmisibles y nutricionales;4 - PARTICULAR
EPSS37;Signos y sintomas mal definidos;8 - DESPLAZADO NO ASEGURADO O VINCULADO
EPSS37;Signos y sintomas mal definidos;4 - PARTICULAR
EPSS37;Lesiones;8 - DESPLAZADO NO ASEGURADO O VINCULADO
EPSS37;Lesiones;4 - PARTICULAR
EPSS37;Enfermedades no transmisibles;8 - DESPLAZADO NO ASEGURADO O VINCULADO
EPSS37;Enfermedades no transmisibles;4 - PARTICULAR
EPSS37;Condiciones transmisibles y nutricionales;8 - DESPLAZADO NO ASEGURADO O VINCULADO
EPSS37;Condiciones transmisibles y nutricionales;4 - PARTICULAR
EPSS34;Signos y sintomas mal definidos;8 - DESPLAZADO NO ASEGURADO O VINCULADO
EPSS34;Signos y sintomas mal definidos;4 - PARTICULAR
EPSS34;Lesiones;8 - DESPLAZADO NO ASEGURADO O VINCULADO
EPSS34;Lesiones;4 - PARTICULAR
EPSS34;Enfermedades no transmisibles;8 - DESPLAZADO NO ASEGURADO O VINCULADO
EPSS34;Enfermedades no transmisibles;4 - PARTICULAR
EPSS34;Condiciones transmisibles y nutricionales;8 - DESPLAZADO NO ASEGURADO O VINCULADO
EPSS34;Condiciones transmisibles y nutricionales;4 - PARTICULAR
EPSS33;Signos y sintomas mal definidos;8 - DESPLAZADO NO ASEGURADO O VINCULADO
EPSS33;Signos y sintomas mal definidos;4 - PARTICULAR
EPSS33;Lesiones;8 - DESPLAZADO NO ASEGURADO O VINCULADO
EPSS33;Lesiones;4 - PARTICULAR
EPSS33;Enfermedades no transmisibles;8 - DESPLAZADO NO ASEGURADO O VINCULADO
EPSS33;Enfermedades no transmisibles;4 - PARTICULAR
EPSS33;Condiciones transmisibles y nutricionales;8 - DESPLAZADO NO ASEGURADO O VINCULADO
EPSS33;Condiciones transmisibles y nutricionales;4 - PARTICULAR
EPSS26;Signos y sintomas mal definidos;8 - DESPLAZADO NO ASEGURADO O VINCULADO
EPSS26;Signos y sintomas mal definidos;4 - PARTICULAR
EPSS26;Lesiones;8 - DESPLAZADO NO ASEGURADO O VINCULADO
EPSS26;Lesiones;4 - PARTICULAR
EPSS26;Enfermedades no transmisibles;8 - DESPLAZADO NO ASEGURADO O VINCULADO
EPSS26;Enfermedades no transmisibles;4 - PARTICULAR
EPSS26;Condiciones transmisibles y nutricionales;8 - DESPLAZADO NO ASEGURADO O VINCULADO
EPSS26;Condiciones transmisibles y nutricionales;4 - PARTICULAR
EPSS23;Signos y sintomas mal definidos;8 - DESPLAZADO NO ASEGURADO O VINCULADO
EPSS23;Signos y sintomas mal definidos;4 - PARTICULAR
EPSS23;Lesiones;8 - DESPLAZADO NO ASEGURADO O VINCULADO
EPSS23;Lesiones;4 - PARTICULAR
EPSS23;Enfermedades no transmisibles;8 - DESPLAZADO NO ASEGURADO O VINCULADO
EPSS23;Enfermedades no transmisibles;4 - PARTICULAR
EPSS23;Condiciones transmisibles y nutricionales;8 - DESPLAZADO NO ASEGURADO O VINCULADO
EPSS23;Condiciones transmisibles y nutricionales;4 - PARTICULAR
EPSS18;Signos y sintomas mal definidos;8 - DESPLAZADO NO ASEGURADO O VINCULADO
EPSS18;Signos y sintomas mal definidos;4 - PARTICULAR
EPSS18;Lesiones;8 - DESPLAZADO NO ASEGURADO O VINCULADO
EPSS18;Lesiones;4 - PARTICULAR
EPSS18;Enfermedades no transmisibles;8 - DESPLAZADO NO ASEGURADO O VINCULADO
EPSS18;Enfermedades no transmisibles;4 - PARTICULAR
EPSS18;Condiciones transmisibles y nutricionales;8 - DESPLAZADO NO ASEGURADO O VINCULADO
EPSS18;Condiciones transmisibles y nutricionales;4 - PARTICULAR
EPSS17;Signos y sintomas mal definidos;8 - DESPLAZADO NO ASEGURADO O VINCULADO
EPSS17;Signos y sintomas mal definidos;4 - PARTICULAR
EPSS17;Lesiones;8 - DESPLAZADO NO ASEGURADO O VINCULADO
EPSS17;Lesiones;4 - PARTICULAR
EPSS17;Enfermedades no transmisibles;8 - DESPLAZADO NO ASEGURADO O VINCULADO
EPSS17;Enfermedades no transmisibles;4 - PARTICULAR
EPSS17;Condiciones transmisibles y nutricionales;8 - DESPLAZADO NO ASEGURADO O VINCULADO
EPSS17;Condiciones transmisibles y nutricionales;4 - PARTICULAR
EPSS16;Signos y sintomas mal definidos;8 - DESPLAZADO NO ASEGURADO O VINCULADO
EPSS16;Signos y sintomas mal definidos;4 - PARTICULAR
EPSS16;Lesiones;8 - DESPLAZADO NO ASEGURADO O VINCULADO
EPSS16;Lesiones;4 - PARTICULAR
EPSS16;Enfermedades no transmisibles;8 - DESPLAZADO NO ASEGURADO O VINCULADO
EPSS16;Enfermedades no transmisibles;4 - PARTICULAR
EPSS16;Condiciones transmisibles y nutricionales;8 - DESPLAZADO NO ASEGURADO O VINCULADO
EPSS16;Condiciones transmisibles y nutricionales;4 - PARTICULAR
EPSS14;Signos y sintomas mal definidos;8 - DESPLAZADO NO ASEGURADO O VINCULADO
EPSS14;Signos y sintomas mal definidos;4 - PARTICULAR
EPSS14;Lesiones;8 - DESPLAZADO NO ASEGURADO O VINCULADO
EPSS14;Lesiones;4 - PARTICULAR
EPSS14;Enfermedades no transmisibles;8 - DESPLAZADO NO ASEGURADO O VINCULADO
EPSS14;Enfermedades no transmisibles;4 - PARTICULAR
EPSS14;Condiciones transmisibles y nutricionales;8 - DESPLAZADO NO ASEGURADO O VINCULADO
EPSS14;Condiciones transmisibles y nutricionales;4 - PARTICULAR
EPSS13;Signos y sintomas mal definidos;8 - DESPLAZADO NO ASEGURADO O VINCULADO
EPSS13;Signos y sintomas mal definidos;4 - PARTICULAR
EPSS13;Lesiones;8 - DESPLAZADO NO ASEGURADO O VINCULADO
EPSS13;Lesiones;4 - PARTICULAR
EPSS13;Enfermedades no transmisibles;8 - DESPLAZADO NO ASEGURADO O VINCULADO
EPSS13;Enfermedades no transmisibles;4 - PARTICULAR
EPSS13;Condiciones transmisibles y nutricionales;8 - DESPLAZADO NO ASEGURADO O VINCULADO
EPSS13;Condiciones transmisibles y nutricionales;4 - PARTICULAR
EPSS12;Signos y sintomas mal definidos;8 - DESPLAZADO NO ASEGURADO O VINCULADO
EPSS12;Signos y sintomas mal definidos;4 - PARTICULAR
EPSS12;Lesiones;8 - DESPLAZADO NO ASEGURADO O VINCULADO
EPSS12;Lesiones;4 - PARTICULAR
EPSS12;Enfermedades no transmisibles;8 - DESPLAZADO NO ASEGURADO O VINCULADO
EPSS12;Enfermedades no transmisibles;4 - PARTICULAR
EPSS12;Condiciones transmisibles y nutricionales;8 - DESPLAZADO NO ASEGURADO O VINCULADO
EPSS12;Condiciones transmisibles y nutricionales;4 - PARTICULAR
EPSS10;Signos y sintomas mal definidos;8 - DESPLAZADO NO ASEGURADO O VINCULADO
EPSS10;Signos y sintomas mal definidos;4 - PARTICULAR
EPSS10;Lesiones;8 - DESPLAZADO NO ASEGURADO O VINCULADO
EPSS10;Lesiones;4 - PARTICULAR
EPSS10;Enfermedades no transmisibles;8 - DESPLAZADO NO ASEGURADO O VINCULADO
EPSS10;Enfermedades no transmisibles;4 - PARTICULAR
EPSS10;Condiciones transmisibles y nutricionales;8 - DESPLAZADO NO ASEGURADO O VINCULADO
EPSS10;Condiciones transmisibles y nutricionales;4 - PARTICULAR
EPSS08;Signos y sintomas mal definidos;8 - DESPLAZADO NO ASEGURADO O VINCULADO
EPSS08;Signos y sintomas mal definidos;4 - PARTICULAR
EPSS08;Lesiones;8 - DESPLAZADO NO ASEGURADO O VINCULADO
EPSS08;Lesiones;4 - PARTICULAR
EPSS08;Enfermedades no transmisibles;8 - DESPLAZADO NO ASEGURADO O VINCULADO
EPSS08;Enfermedades no transmisibles;4 - PARTICULAR
EPSS08;Condiciones transmisibles y nutricionales;8 - DESPLAZADO NO ASEGURADO O VINCULADO
EPSS08;Condiciones transmisibles y nutricionales;4 - PARTICULAR
EPSS05;Signos y sintomas mal definidos;8 - DESPLAZADO NO ASEGURADO O VINCULADO
EPSS05;Signos y sintomas mal definidos;4 - PARTICULAR
EPSS05;Lesiones;8 - DESPLAZADO NO ASEGURADO O VINCULADO
EPSS05;Lesiones;4 - PARTICULAR
EPSS05;Enfermedades no transmisibles;8 - DESPLAZADO NO ASEGURADO O VINCULADO
EPSS05;Enfermedades no transmisibles;4 - PARTICULAR
EPSS05;Condiciones transmisibles y nutricionales;8 - DESPLAZADO NO ASEGURADO O VINCULADO
EPSS05;Condiciones transmisibles y nutricionales;4 - PARTICULAR
EPSS03;Signos y sintomas mal definidos;8 - DESPLAZADO NO ASEGURADO O VINCULADO
EPSS03;Signos y sintomas mal definidos;4 - PARTICULAR
EPSS03;Lesiones;8 - DESPLAZADO NO ASEGURADO O VINCULADO
EPSS03;Lesiones;4 - PARTICULAR
EPSS03;Enfermedades no transmisibles;8 - DESPLAZADO NO ASEGURADO O VINCULADO
EPSS03;Enfermedades no transmisibles;4 - PARTICULAR
EPSS03;Condiciones transmisibles y nutricionales;8 - DESPLAZADO NO ASEGURADO O VINCULADO
EPSS03;Condiciones transmisibles y nutricionales;4 - PARTICULAR
EPSS02;Signos y sintomas mal definidos;8 - DESPLAZADO NO ASEGURADO O VINCULADO
EPSS02;Signos y sintomas mal definidos;4 - PARTICULAR
EPSS02;Lesiones;8 - DESPLAZADO NO ASEGURADO O VINCULADO
EPSS02;Lesiones;4 - PARTICULAR
EPSS02;Enfermedades no transmisibles;8 - DESPLAZADO NO ASEGURADO O VINCULADO
EPSS02;Enfermedades no transmisibles;4 - PARTICULAR
EPSS02;Condiciones transmisibles y nutricionales;8 - DESPLAZADO NO ASEGURADO O VINCULADO
EPSS02;Condiciones transmisibles y nutricionales;4 - PARTICULAR
EPSS01;Signos y sintomas mal definidos;8 - DESPLAZADO NO ASEGURADO O VINCULADO
EPSS01;Signos y sintomas mal definidos;4 - PARTICULAR
EPSS01;Lesiones;8 - DESPLAZADO NO ASEGURADO O VINCULADO
EPSS01;Lesiones;4 - PARTICULAR
EPSS01;Enfermedades no transmisibles;8 - DESPLAZADO NO ASEGURADO O VINCULADO
EPSS01;Enfermedades no transmisibles;4 - PARTICULAR
EPSS01;Condiciones transmisibles y nutricionales;8 - DESPLAZADO NO ASEGURADO O VINCULADO
EPSS01;Condiciones transmisibles y nutricionales;4 - PARTICULAR
EPSM03;Signos y sintomas mal definidos;8 - DESPLAZADO NO ASEGURADO O VINCULADO
EPSM03;Signos y sintomas mal definidos;4 - PARTICULAR
EPSM03;Lesiones;8 - DESPLAZADO NO ASEGURADO O VINCULADO
EPSM03;Lesiones;4 - PARTICULAR
EPSM03;Enfermedades no transmisibles;8 - DESPLAZADO NO ASEGURADO O VINCULADO
EPSM03;Enfermedades no transmisibles;4 - PARTICULAR
EPSM03;Condiciones transmisibles y nutricionales;8 - DESPLAZADO NO ASEGURADO O VINCULADO
EPSM03;Condiciones transmisibles y nutricionales;4 - PARTICULAR
EPSIC6;Signos y sintomas mal definidos;8 - DESPLAZADO NO ASEGURADO O VINCULADO
EPSIC6;Signos y sintomas mal definidos;4 - PARTICULAR
EPSIC6;Lesiones;8 - DESPLAZADO NO ASEGURADO O VINCULADO
EPSIC6;Lesiones;4 - PARTICULAR
EPSIC6;Enfermedades no transmisibles;8 - DESPLAZADO NO ASEGURADO O VINCULADO
EPSIC6;Enfermedades no transmisibles;4 - PARTICULAR
EPSIC6;Condiciones transmisibles y nutricionales;8 - DESPLAZADO NO ASEGURADO O VINCULADO
EPSIC6;Condiciones transmisibles y nutricionales;4 - PARTICULAR
EPSIC5;Signos y sintomas mal definidos;8 - DESPLAZADO NO ASEGURADO O VINCULADO
EPSIC5;Signos y sintomas mal definidos;4 - PARTICULAR
EPSIC5;Lesiones;8 - DESPLAZADO NO ASEGURADO O VINCULADO
EPSIC5;Lesiones;4 - PARTICULAR
EPSIC5;Enfermedades no transmisibles;8 - DESPLAZADO NO ASEGURADO O VINCULADO
EPSIC5;Enfermedades no transmisibles;4 - PARTICULAR
EPSIC5;Condiciones transmisibles y nutricionales;8 - DESPLAZADO NO ASEGURADO O VINCULADO
EPSIC5;Condiciones transmisibles y nutricionales;4 - PARTICULAR
EPSIC4;Signos y sintomas mal definidos;8 - DESPLAZADO NO ASEGURADO O VINCULADO
EPSIC4;Signos y sintomas mal definidos;4 - PARTICULAR
EPSIC4;Lesiones;8 - DESPLAZADO NO ASEGURADO O VINCULADO
EPSIC4;Lesiones;4 - PARTICULAR
EPSIC4;Enfermedades no transmisibles;8 - DESPLAZADO NO ASEGURADO O VINCULADO
EPSIC4;Enfermedades no transmisibles;4 - PARTICULAR
EPSIC4;Condiciones transmisibles y nutricionales;8 - DESPLAZADO NO ASEGURADO O VINCULADO
EPSIC4;Condiciones transmisibles y nutricionales;4 - PARTICULAR
EPSIC3;Signos y sintomas mal definidos;8 - DESPLAZADO NO ASEGURADO O VINCULADO
EPSIC3;Signos y sintomas mal definidos;4 - PARTICULAR
EPSIC3;Lesiones;8 - DESPLAZADO NO ASEGURADO O VINCULADO
EPSIC3;Lesiones;4 - PARTICULAR
EPSIC3;Enfermedades no transmisibles;8 - DESPLAZADO NO ASEGURADO O VINCULADO
EPSIC3;Enfermedades no transmisibles;4 - PARTICULAR
EPSIC3;Condiciones transmisibles y nutricionales;8 - DESPLAZADO NO ASEGURADO O VINCULADO
EPSIC3;Condiciones transmisibles y nutricionales;4 - PARTICULAR
EPSIC2;Signos y sintomas mal definidos;8 - DESPLAZADO NO ASEGURADO O VINCULADO
EPSIC2;Signos y sintomas mal definidos;4 - PARTICULAR
EPSIC2;Lesiones;8 - DESPLAZADO NO ASEGURADO O VINCULADO
EPSIC2;Lesiones;4 - PARTICULAR
EPSIC2;Enfermedades no transmisibles;8 - DESPLAZADO NO ASEGURADO O VINCULADO
EPSIC2;Enfermedades no transmisibles;4 - PARTICULAR
EPSIC2;Condiciones transmisibles y nutricionales;8 - DESPLAZADO NO ASEGURADO O VINCULADO
EPSIC2;Condiciones transmisibles y nutricionales;4 - PARTICULAR
EPSIC1;Signos y sintomas mal definidos;8 - DESPLAZADO NO ASEGURADO O VINCULADO
EPSIC1;Signos y sintomas mal definidos;4 - PARTICULAR
EPSIC1;Lesiones;8 - DESPLAZADO NO ASEGURADO O VINCULADO
EPSIC1;Lesiones;4 - PARTICULAR
EPSIC1;Enfermedades no transmisibles;8 - DESPLAZADO NO ASEGURADO O VINCULADO
EPSIC1;Enfermedades no transmisibles;4 - PARTICULAR
EPSIC1;Condiciones transmisibles y nutricionales;8 - DESPLAZADO NO ASEGURADO O VINCULADO
EPSIC1;Condiciones transmisibles y nutricionales;4 - PARTICULAR
EPSI06;Signos y sintomas mal definidos;8 - DESPLAZADO NO ASEGURADO O VINCULADO
EPSI06;Signos y sintomas mal definidos;4 - PARTICULAR
EPSI06;Lesiones;8 - DESPLAZADO NO ASEGURADO O VINCULADO
EPSI06;Lesiones;4 - PARTICULAR
EPSI06;Enfermedades no transmisibles;8 - DESPLAZADO NO ASEGURADO O VINCULADO
EPSI06;Enfermedades no transmisibles;4 - PARTICULAR
EPSI06;Condiciones transmisibles y nutricionales;8 - DESPLAZADO NO ASEGURADO O VINCULADO
EPSI06;Condiciones transmisibles y nutricionales;4 - PARTICULAR
EPSI05;Signos y sintomas mal definidos;8 - DESPLAZADO NO ASEGURADO O VINCULADO
EPSI05;Signos y sintomas mal definidos;4 - PARTICULAR
EPSI05;Lesiones;8 - DESPLAZADO NO ASEGURADO O VINCULADO
EPSI05;Lesiones;4 - PARTICULAR
EPSI05;Enfermedades no transmisibles;8 - DESPLAZADO NO ASEGURADO O VINCULADO
EPSI05;Enfermedades no transmisibles;4 - PARTICULAR
EPSI05;Condiciones transmisibles y nutricionales;8 - DESPLAZADO NO ASEGURADO O VINCULADO
EPSI05;Condiciones transmisibles y nutricionales;4 - PARTICULAR
EPSI04;Signos y sintomas mal definidos;8 - DESPLAZADO NO ASEGURADO O VINCULADO
EPSI04;Signos y sintomas mal definidos;4 - PARTICULAR
EPSI04;Lesiones;8 - DESPLAZADO NO ASEGURADO O VINCULADO
EPSI04;Lesiones;4 - PARTICULAR
EPSI04;Enfermedades no transmisibles;8 - DESPLAZADO NO ASEGURADO O VINCULADO
EPSI04;Enfermedades no transmisibles;4 - PARTICULAR
EPSI04;Condiciones transmisibles y nutricionales;8 - DESPLAZADO NO ASEGURADO O VINCULADO
EPSI04;Condiciones transmisibles y nutricionales;4 - PARTICULAR
EPSI03;Signos y sintomas mal definidos;8 - DESPLAZADO NO ASEGURADO O VINCULADO
EPSI03;Signos y sintomas mal definidos;4 - PARTICULAR
EPSI03;Lesiones;8 - DESPLAZADO NO ASEGURADO O VINCULADO
EPSI03;Lesiones;4 - PARTICULAR
EPSI03;Enfermedades no transmisibles;8 - DESPLAZADO NO ASEGURADO O VINCULADO
EPSI03;Enfermedades no transmisibles;4 - PARTICULAR
EPSI03;Condiciones transmisibles y nutricionales;8 - DESPLAZADO NO ASEGURADO O VINCULADO
EPSI03;Condiciones transmisibles y nutricionales;4 - PARTICULAR
EPSI02;Signos y sintomas mal definidos;8 - DESPLAZADO NO ASEGURADO O VINCULADO
EPSI02;Signos y sintomas mal definidos;4 - PARTICULAR
EPSI02;Lesiones;8 - DESPLAZADO NO ASEGURADO O VINCULADO
EPSI02;Lesiones;4 - PARTICULAR
EPSI02;Enfermedades no transmisibles;8 - DESPLAZADO NO ASEGURADO O VINCULADO
EPSI02;Enfermedades no transmisibles;4 - PARTICULAR
EPSI02;Condiciones transmisibles y nutricionales;8 - DESPLAZADO NO ASEGURADO O VINCULADO
EPSI02;Condiciones transmisibles y nutricionales;4 - PARTICULAR
EPSI01;Signos y sintomas mal definidos;8 - DESPLAZADO NO ASEGURADO O VINCULADO
EPSI01;Signos y sintomas mal definidos;4 - PARTICULAR
EPSI01;Lesiones;8 - DESPLAZADO NO ASEGURADO O VINCULADO
EPSI01;Lesiones;4 - PARTICULAR
EPSI01;Enfermedades no transmisibles;8 - DESPLAZADO NO ASEGURADO O VINCULADO
EPSI01;Enfermedades no transmisibles;4 - PARTICULAR
EPSI01;Condiciones transmisibles y nutricionales;8 - DESPLAZADO NO ASEGURADO O VINCULADO
EPSI01;Condiciones transmisibles y nutricionales;4 - PARTICULAR
EPSC34;Signos y sintomas mal definidos;8 - DESPLAZADO NO ASEGURADO O VINCULADO
EPSC34;Signos y sintomas mal definidos;4 - PARTICULAR
EPSC34;Lesiones;8 - DESPLAZADO NO ASEGURADO O VINCULADO
EPSC34;Lesiones;4 - PARTICULAR
EPSC34;Enfermedades no transmisibles;8 - DESPLAZADO NO ASEGURADO O VINCULADO
EPSC34;Enfermedades no transmisibles;4 - PARTICULAR
EPSC34;Condiciones transmisibles y nutricionales;8 - DESPLAZADO NO ASEGURADO O VINCULADO
EPSC34;Condiciones transmisibles y nutricionales;4 - PARTICULAR
EPSC33;Signos y sintomas mal definidos;8 - DESPLAZADO NO ASEGURADO O VINCULADO
EPSC33;Signos y sintomas mal definidos;4 - PARTICULAR
EPSC33;Lesiones;8 - DESPLAZADO NO ASEGURADO O VINCULADO
EPSC33;Lesiones;4 - PARTICULAR
EPSC33;Enfermedades no transmisibles;8 - DESPLAZADO NO ASEGURADO O VINCULADO
EPSC33;Enfermedades no transmisibles;4 - PARTICULAR
EPSC33;Condiciones transmisibles y nutricionales;8 - DESPLAZADO NO ASEGURADO O VINCULADO
EPSC33;Condiciones transmisibles y nutricionales;4 - PARTICULAR
EPSC25;Signos y sintomas mal definidos;8 - DESPLAZADO NO ASEGURADO O VINCULADO
EPSC25;Signos y sintomas mal definidos;4 - PARTICULAR
EPSC25;Lesiones;8 - DESPLAZADO NO ASEGURADO O VINCULADO
EPSC25;Lesiones;4 - PARTICULAR
EPSC25;Enfermedades no transmisibles;8 - DESPLAZADO NO ASEGURADO O VINCULADO
EPSC25;Enfermedades no transmisibles;4 - PARTICULAR
EPSC25;Condiciones transmisibles y nutricionales;8 - DESPLAZADO NO ASEGURADO O VINCULADO
EPSC25;Condiciones transmisibles y nutricionales;4 - PARTICULAR
EPSC22;Signos y sintomas mal definidos;8 - DESPLAZADO NO ASEGURADO O VINCULADO
EPSC22;Signos y sintomas mal definidos;4 - PARTICULAR
EPSC22;Lesiones;8 - DESPLAZADO NO ASEGURADO O VINCULADO
EPSC22;Lesiones;4 - PARTICULAR
EPSC22;Enfermedades no transmisibles;8 - DESPLAZADO NO ASEGURADO O VINCULADO
EPSC22;Enfermedades no transmisibles;4 - PARTICULAR
EPSC22;Condiciones transmisibles y nutricionales;8 - DESPLAZADO NO ASEGURADO O VINCULADO
EPSC22;Condiciones transmisibles y nutricionales;4 - PARTICULAR
EPSC20;Signos y sintomas mal definidos;8 - DESPLAZADO NO ASEGURADO O VINCULADO
EPSC20;Signos y sintomas mal definidos;4 - PARTICULAR
EPSC20;Lesiones;8 - DESPLAZADO NO ASEGURADO O VINCULADO
EPSC20;Lesiones;4 - PARTICULAR
EPSC20;Enfermedades no transmisibles;8 - DESPLAZADO NO ASEGURADO O VINCULADO
EPSC20;Enfermedades no transmisibles;4 - PARTICULAR
EPSC20;Condiciones transmisibles y nutricionales;8 - DESPLAZADO NO ASEGURADO O VINCULADO
EPSC20;Condiciones transmisibles y nutricionales;4 - PARTICULAR
EPS048;Signos y sintomas mal definidos;8 - DESPLAZADO NO ASEGURADO O VINCULADO
EPS048;Signos y sintomas mal definidos;4 - PARTICULAR
EPS048;Lesiones;8 - DESPLAZADO NO ASEGURADO O VINCULADO
EPS048;Lesiones;4 - PARTICULAR
EPS048;Enfermedades no transmisibles;8 - DESPLAZADO NO ASEGURADO O VINCULADO
EPS048;Enfermedades no transmisibles;4 - PARTICULAR
EPS048;Condiciones transmisibles y nutricionales;8 - DESPLAZADO NO ASEGURADO O VINCULADO
EPS048;Condiciones transmisibles y nutricionales;4 - PARTICULAR
EPS046;Signos y sintomas mal definidos;8 - DESPLAZADO NO ASEGURADO O VINCULADO
EPS046;Signos y sintomas mal definidos;4 - PARTICULAR
EPS046;Lesiones;8 - DESPLAZADO NO ASEGURADO O VINCULADO
EPS046;Lesiones;4 - PARTICULAR
EPS046;Enfermedades no transmisibles;8 - DESPLAZADO NO ASEGURADO O VINCULADO
EPS046;Enfermedades no transmisibles;4 - PARTICULAR
EPS046;Condiciones transmisibles y nutricionales;8 - DESPLAZADO NO ASEGURADO O VINCULADO
EPS046;Condiciones transmisibles y nutricionales;4 - PARTICULAR
EPS045;Signos y sintomas mal definidos;8 - DESPLAZADO NO ASEGURADO O VINCULADO
EPS045;Signos y sintomas mal definidos;4 - PARTICULAR
EPS045;Lesiones;8 - DESPLAZADO NO ASEGURADO O VINCULADO
EPS045;Lesiones;4 - PARTICULAR
EPS045;Enfermedades no transmisibles;8 - DESPLAZADO NO ASEGURADO O VINCULADO
EPS045;Enfermedades no transmisibles;4 - PARTICULAR
EPS045;Condiciones transmisibles y nutricionales;8 - DESPLAZADO NO ASEGURADO O VINCULADO
EPS045;Condiciones transmisibles y nutricionales;4 - PARTICULAR
EPS044;Signos y sintomas mal definidos;8 - DESPLAZADO NO ASEGURADO O VINCULADO
EPS044;Signos y sintomas mal definidos;4 - PARTICULAR
EPS044;Lesiones;8 - DESPLAZADO NO ASEGURADO O VINCULADO
EPS044;Lesiones;4 - PARTICULAR
EPS044;Enfermedades no transmisibles;8 - DESPLAZADO NO ASEGURADO O VINCULADO
EPS044;Enfermedades no transmisibles;4 - PARTICULAR
EPS044;Condiciones transmisibles y nutricionales;8 - DESPLAZADO NO ASEGURADO O VINCULADO
EPS044;Condiciones transmisibles y nutricionales;4 - PARTICULAR
EPS042;Signos y sintomas mal definidos;8 - DESPLAZADO NO ASEGURADO O VINCULADO
EPS042;Signos y sintomas mal definidos;4 - PARTICULAR
EPS042;Lesiones;8 - DESPLAZADO NO ASEGURADO O VINCULADO
EPS042;Lesiones;4 - PARTICULAR
EPS042;Enfermedades no transmisibles;8 - DESPLAZADO NO ASEGURADO O VINCULADO
EPS042;Enfermedades no transmisibles;4 - PARTICULAR
EPS042;Condiciones transmisibles y nutricionales;8 - DESPLAZADO NO ASEGURADO O VINCULADO
EPS042;Condiciones transmisibles y nutricionales;4 - PARTICULAR
EPS041;Signos y sintomas mal definidos;8 - DESPLAZADO NO ASEGURADO O VINCULADO
EPS041;Signos y sintomas mal definidos;4 - PARTICULAR
EPS041;Lesiones;8 - DESPLAZADO NO ASEGURADO O VINCULADO
EPS041;Lesiones;4 - PARTICULAR
EPS041;Enfermedades no transmisibles;8 - DESPLAZADO NO ASEGURADO O VINCULADO
EPS041;Enfermedades no transmisibles;4 - PARTICULAR
EPS041;Condiciones transmisibles y nutricionales;8 - DESPLAZADO NO ASEGURADO O VINCULADO
EPS041;Condiciones transmisibles y nutricionales;4 - PARTICULAR
EPS040;Signos y sintomas mal definidos;8 - DESPLAZADO NO ASEGURADO O VINCULADO
EPS040;Signos y sintomas mal definidos;4 - PARTICULAR
EPS040;Lesiones;8 - DESPLAZADO NO ASEGURADO O VINCULADO
EPS040;Lesiones;4 - PARTICULAR
EPS040;Enfermedades no transmisibles;8 - DESPLAZADO NO ASEGURADO O VINCULADO
EPS040;Enfermedades no transmisibles;4 - PARTICULAR
EPS040;Condiciones transmisibles y nutricionales;8 - DESPLAZADO NO ASEGURADO O VINCULADO
EPS040;Condiciones transmisibles y nutricionales;4 - PARTICULAR
EPS039;Signos y sintomas mal definidos;8 - DESPLAZADO NO ASEGURADO O VINCULADO
EPS039;Signos y sintomas mal definidos;4 - PARTICULAR
EPS039;Lesiones;8 - DESPLAZADO NO ASEGURADO O VINCULADO
EPS039;Lesiones;4 - PARTICULAR
EPS039;Enfermedades no transmisibles;8 - DESPLAZADO NO ASEGURADO O VINCULADO
EPS039;Enfermedades no transmisibles;4 - PARTICULAR
EPS039;Condiciones transmisibles y nutricionales;8 - DESPLAZADO NO ASEGURADO O VINCULADO
EPS039;Condiciones transmisibles y nutricionales;4 - PARTICULAR
EPS038;Signos y sintomas mal definidos;8 - DESPLAZADO NO ASEGURADO O VINCULADO
EPS038;Signos y sintomas mal definidos;4 - PARTICULAR
EPS038;Lesiones;8 - DESPLAZADO NO ASEGURADO O VINCULADO
EPS038;Lesiones;4 - PARTICULAR
EPS038;Enfermedades no transmisibles;8 - DESPLAZADO NO ASEGURADO O VINCULADO
EPS038;Enfermedades no transmisibles;4 - PARTICULAR
EPS038;Condiciones transmisibles y nutricionales;8 - DESPLAZADO NO ASEGURADO O VINCULADO
EPS038;Condiciones transmisibles y nutricionales;4 - PARTICULAR
EPS037;Signos y sintomas mal definidos;8 - DESPLAZADO NO ASEGURADO O VINCULADO
EPS037;Signos y sintomas mal definidos;4 - PARTICULAR
EPS037;Lesiones;8 - DESPLAZADO NO ASEGURADO O VINCULADO
EPS037;Lesiones;4 - PARTICULAR
EPS037;Enfermedades no transmisibles;8 - DESPLAZADO NO ASEGURADO O VINCULADO
EPS037;Enfermedades no transmisibles;4 - PARTICULAR
EPS037;Condiciones transmisibles y nutricionales;8 - DESPLAZADO NO ASEGURADO O VINCULADO
EPS037;Condiciones transmisibles y nutricionales;4 - PARTICULAR
EPS035;Signos y sintomas mal definidos;8 - DESPLAZADO NO ASEGURADO O VINCULADO
EPS035;Signos y sintomas mal definidos;4 - PARTICULAR
EPS035;Lesiones;8 - DESPLAZADO NO ASEGURADO O VINCULADO
EPS035;Lesiones;4 - PARTICULAR
EPS035;Enfermedades no transmisibles;8 - DESPLAZADO NO ASEGURADO O VINCULADO
EPS035;Enfermedades no transmisibles;4 - PARTICULAR
EPS035;Condiciones transmisibles y nutricionales;8 - DESPLAZADO NO ASEGURADO O VINCULADO
EPS035;Condiciones transmisibles y nutricionales;4 - PARTICULAR
EPS034;Signos y sintomas mal definidos;8 - DESPLAZADO NO ASEGURADO O VINCULADO
EPS034;Signos y sintomas mal definidos;4 - PARTICULAR
EPS034;Lesiones;8 - DESPLAZADO NO ASEGURADO O VINCULADO
EPS034;Lesiones;4 - PARTICULAR
EPS034;Enfermedades no transmisibles;8 - DESPLAZADO NO ASEGURADO O VINCULADO
EPS034;Enfermedades no transmisibles;4 - PARTICULAR
EPS034;Condiciones transmisibles y nutricionales;8 - DESPLAZADO NO ASEGURADO O VINCULADO
EPS034;Condiciones transmisibles y nutricionales;4 - PARTICULAR
EPS033;Signos y sintomas mal definidos;8 - DESPLAZADO NO ASEGURADO O VINCULADO
EPS033;Signos y sintomas mal definidos;4 - PARTICULAR
EPS033;Lesiones;8 - DESPLAZADO NO ASEGURADO O VINCULADO
EPS033;Lesiones;4 - PARTICULAR
EPS033;Enfermedades no transmisibles;8 - DESPLAZADO NO ASEGURADO O VINCULADO
EPS033;Enfermedades no transmisibles;4 - PARTICULAR
EPS033;Condiciones transmisibles y nutricionales;8 - DESPLAZADO NO ASEGURADO O VINCULADO
EPS033;Condiciones transmisibles y nutricionales;4 - PARTICULAR
EPS031;Signos y sintomas mal definidos;8 - DESPLAZADO NO ASEGURADO O VINCULADO
EPS031;Signos y sintomas mal definidos;4 - PARTICULAR
EPS031;Lesiones;8 - DESPLAZADO NO ASEGURADO O VINCULADO
EPS031;Lesiones;4 - PARTICULAR
EPS031;Enfermedades no transmisibles;8 - DESPLAZADO NO ASEGURADO O VINCULADO
EPS031;Enfermedades no transmisibles;4 - PARTICULAR
EPS031;Condiciones transmisibles y nutricionales;8 - DESPLAZADO NO ASEGURADO O VINCULADO
EPS031;Condiciones transmisibles y nutricionales;4 - PARTICULAR
EPS030;Signos y sintomas mal definidos;8 - DESPLAZADO NO ASEGURADO O VINCULADO
EPS030;Signos y sintomas mal definidos;4 - PARTICULAR
EPS030;Lesiones;8 - DESPLAZADO NO ASEGURADO O VINCULADO
EPS030;Lesiones;4 - PARTICULAR
EPS030;Enfermedades no transmisibles;8 - DESPLAZADO NO ASEGURADO O VINCULADO
EPS030;Enfermedades no transmisibles;4 - PARTICULAR
EPS030;Condiciones transmisibles y nutricionales;8 - DESPLAZADO NO ASEGURADO O VINCULADO
EPS030;Condiciones transmisibles y nutricionales;4 - PARTICULAR
EPS028;Signos y sintomas mal definidos;8 - DESPLAZADO NO ASEGURADO O VINCULADO
EPS028;Signos y sintomas mal definidos;4 - PARTICULAR
EPS028;Lesiones;8 - DESPLAZADO NO ASEGURADO O VINCULADO
EPS028;Lesiones;4 - PARTICULAR
EPS028;Enfermedades no transmisibles;8 - DESPLAZADO NO ASEGURADO O VINCULADO
EPS028;Enfermedades no transmisibles;4 - PARTICULAR
EPS028;Condiciones transmisibles y nutricionales;8 - DESPLAZADO NO ASEGURADO O VINCULADO
EPS028;Condiciones transmisibles y nutricionales;4 - PARTICULAR
EPS026;Signos y sintomas mal definidos;8 - DESPLAZADO NO ASEGURADO O VINCULADO
EPS026;Signos y sintomas mal definidos;4 - PARTICULAR
EPS026;Lesiones;8 - DESPLAZADO NO ASEGURADO O VINCULADO
EPS026;Lesiones;4 - PARTICULAR
EPS026;Enfermedades no transmisibles;8 - DESPLAZADO NO ASEGURADO O VINCULADO
EPS026;Enfermedades no transmisibles;4 - PARTICULAR
EPS026;Condiciones transmisibles y nutricionales;8 - DESPLAZADO NO ASEGURADO O VINCULADO
EPS026;Condiciones transmisibles y nutricionales;4 - PARTICULAR
EPS025;Signos y sintomas mal definidos;8 - DESPLAZADO NO ASEGURADO O VINCULADO
EPS025;Signos y sintomas mal definidos;4 - PARTICULAR
EPS025;Lesiones;8 - DESPLAZADO NO ASEGURADO O VINCULADO
EPS025;Lesiones;4 - PARTICULAR
EPS025;Enfermedades no transmisibles;8 - DESPLAZADO NO ASEGURADO O VINCULADO
EPS025;Enfermedades no transmisibles;4 - PARTICULAR
EPS025;Condiciones transmisibles y nutricionales;8 - DESPLAZADO NO ASEGURADO O VINCULADO
EPS025;Condiciones transmisibles y nutricionales;4 - PARTICULAR
EPS023;Signos y sintomas mal definidos;8 - DESPLAZADO NO ASEGURADO O VINCULADO
EPS023;Signos y sintomas mal definidos;4 - PARTICULAR
EPS023;Lesiones;8 - DESPLAZADO NO ASEGURADO O VINCULADO
EPS023;Lesiones;4 - PARTICULAR
EPS023;Enfermedades no transmisibles;8 - DESPLAZADO NO ASEGURADO O VINCULADO
EPS023;Enfermedades no transmisibles;4 - PARTICULAR
EPS023;Condiciones transmisibles y nutricionales;8 - DESPLAZADO NO ASEGURADO O VINCULADO
EPS023;Condiciones transmisibles y nutricionales;4 - PARTICULAR
EPS022;Signos y sintomas mal definidos;8 - DESPLAZADO NO ASEGURADO O VINCULADO
EPS022;Signos y sintomas mal definidos;4 - PARTICULAR
EPS022;Lesiones;8 - DESPLAZADO NO ASEGURADO O VINCULADO
EPS022;Lesiones;4 - PARTICULAR
EPS022;Enfermedades no transmisibles;8 - DESPLAZADO NO ASEGURADO O VINCULADO
EPS022;Enfermedades no transmisibles;4 - PARTICULAR
EPS022;Condiciones transmisibles y nutricionales;8 - DESPLAZADO NO ASEGURADO O VINCULADO
EPS022;Condiciones transmisibles y nutricionales;4 - PARTICULAR
EPS020;Signos y sintomas mal definidos;8 - DESPLAZADO NO ASEGURADO O VINCULADO
EPS020;Signos y sintomas mal definidos;4 - PARTICULAR
EPS020;Lesiones;8 - DESPLAZADO NO ASEGURADO O VINCULADO
EPS020;Lesiones;4 - PARTICULAR
EPS020;Enfermedades no transmisibles;8 - DESPLAZADO NO ASEGURADO O VINCULADO
EPS020;Enfermedades no transmisibles;4 - PARTICULAR
EPS020;Condiciones transmisibles y nutricionales;8 - DESPLAZADO NO ASEGURADO O VINCULADO
EPS020;Condiciones transmisibles y nutricionales;4 - PARTICULAR
EPS018;Signos y sintomas mal definidos;8 - DESPLAZADO NO ASEGURADO O VINCULADO
EPS018;Signos y sintomas mal definidos;4 - PARTICULAR
EPS018;Lesiones;8 - DESPLAZADO NO ASEGURADO O VINCULADO
EPS018;Lesiones;4 - PARTICULAR
EPS018;Enfermedades no transmisibles;8 - DESPLAZADO NO ASEGURADO O VINCULADO
EPS018;Enfermedades no transmisibles;4 - PARTICULAR
EPS018;Condiciones transmisibles y nutricionales;8 - DESPLAZADO NO ASEGURADO O VINCULADO
EPS018;Condiciones transmisibles y nutricionales;4 - PARTICULAR
EPS017;Signos y sintomas mal definidos;8 - DESPLAZADO NO ASEGURADO O VINCULADO
EPS017;Signos y sintomas mal definidos;4 - PARTICULAR
EPS017;Lesiones;8 - DESPLAZADO NO ASEGURADO O VINCULADO
EPS017;Lesiones;4 - PARTICULAR
EPS017;Enfermedades no transmisibles;8 - DESPLAZADO NO ASEGURADO O VINCULADO
EPS017;Enfermedades no transmisibles;4 - PARTICULAR
EPS017;Condiciones transmisibles y nutricionales;8 - DESPLAZADO NO ASEGURADO O VINCULADO
EPS017;Condiciones transmisibles y nutricionales;4 - PARTICULAR
EPS016;Signos y sintomas mal definidos;8 - DESPLAZADO NO ASEGURADO O VINCULADO
EPS016;Signos y sintomas mal definidos;4 - PARTICULAR
EPS016;Lesiones;8 - DESPLAZADO NO ASEGURADO O VINCULADO
EPS016;Lesiones;4 - PARTICULAR
EPS016;Enfermedades no transmisibles;8 - DESPLAZADO NO ASEGURADO O VINCULADO
EPS016;Enfermedades no transmisibles;4 - PARTICULAR
EPS016;Condiciones transmisibles y nutricionales;8 - DESPLAZADO NO ASEGURADO O VINCULADO
EPS016;Condiciones transmisibles y nutricionales;4 - PARTICULAR
EPS015;Signos y sintomas mal definidos;8 - DESPLAZADO NO ASEGURADO O VINCULADO
EPS015;Signos y sintomas mal definidos;4 - PARTICULAR
EPS015;Lesiones;8 - DESPLAZADO NO ASEGURADO O VINCULADO
EPS015;Lesiones;4 - PARTICULAR
EPS015;Enfermedades no transmisibles;8 - DESPLAZADO NO ASEGURADO O VINCULADO
EPS015;Enfermedades no transmisibles;4 - PARTICULAR
EPS015;Condiciones transmisibles y nutricionales;8 - DESPLAZADO NO ASEGURADO O VINCULADO
EPS015;Condiciones transmisibles y nutricionales;4 - PARTICULAR
EPS014;Signos y sintomas mal definidos;8 - DESPLAZADO NO ASEGURADO O VINCULADO
EPS014;Signos y sintomas mal definidos;4 - PARTICULAR
EPS014;Lesiones;8 - DESPLAZADO NO ASEGURADO O VINCULADO
EPS014;Lesiones;4 - PARTICULAR
EPS014;Enfermedades no transmisibles;8 - DESPLAZADO NO ASEGURADO O VINCULADO
EPS014;Enfermedades no transmisibles;4 - PARTICULAR
EPS014;Condiciones transmisibles y nutricionales;8 - DESPLAZADO NO ASEGURADO O VINCULADO
EPS014;Condiciones transmisibles y nutricionales;4 - PARTICULAR
EPS013;Signos y sintomas mal definidos;8 - DESPLAZADO NO ASEGURADO O VINCULADO
EPS013;Signos y sintomas mal definidos;4 - PARTICULAR
EPS013;Lesiones;8 - DESPLAZADO NO ASEGURADO O VINCULADO
EPS013;Lesiones;4 - PARTICULAR
EPS013;Enfermedades no transmisibles;8 - DESPLAZADO NO ASEGURADO O VINCULADO
EPS013;Enfermedades no transmisibles;4 - PARTICULAR
EPS013;Condiciones transmisibles y nutricionales;8 - DESPLAZADO NO ASEGURADO O VINCULADO
EPS013;Condiciones transmisibles y nutricionales;4 - PARTICULAR
EPS012;Signos y sintomas mal definidos;8 - DESPLAZADO NO ASEGURADO O VINCULADO
EPS012;Signos y sintomas mal definidos;4 - PARTICULAR
EPS012;Lesiones;8 - DESPLAZADO NO ASEGURADO O VINCULADO
EPS012;Lesiones;4 - PARTICULAR
EPS012;Enfermedades no transmisibles;8 - DESPLAZADO NO ASEGURADO O VINCULADO
EPS012;Enfermedades no transmisibles;4 - PARTICULAR
EPS012;Condiciones transmisibles y nutricionales;8 - DESPLAZADO NO ASEGURADO O VINCULADO
EPS012;Condiciones transmisibles y nutricionales;4 - PARTICULAR
EPS010;Signos y sintomas mal definidos;8 - DESPLAZADO NO ASEGURADO O VINCULADO
EPS010;Signos y sintomas mal definidos;4 - PARTICULAR
EPS010;Lesiones;8 - DESPLAZADO NO ASEGURADO O VINCULADO
EPS010;Lesiones;4 - PARTICULAR
EPS010;Enfermedades no transmisibles;8 - DESPLAZADO NO ASEGURADO O VINCULADO
EPS010;Enfermedades no transmisibles;4 - PARTICULAR
EPS010;Condiciones transmisibles y nutricionales;8 - DESPLAZADO NO ASEGURADO O VINCULADO
EPS010;Condiciones transmisibles y nutricionales;4 - PARTICULAR
EPS009;Signos y sintomas mal definidos;8 - DESPLAZADO NO ASEGURADO O VINCULADO
EPS009;Signos y sintomas mal definidos;4 - PARTICULAR
EPS009;Lesiones;8 - DESPLAZADO NO ASEGURADO O VINCULADO
EPS009;Lesiones;4 - PARTICULAR
EPS009;Enfermedades no transmisibles;8 - DESPLAZADO NO ASEGURADO O VINCULADO
EPS009;Enfermedades no transmisibles;4 - PARTICULAR
EPS009;Condiciones transmisibles y nutricionales;8 - DESPLAZADO NO ASEGURADO O VINCULADO
EPS009;Condiciones transmisibles y nutricionales;4 - PARTICULAR
EPS008;Signos y sintomas mal definidos;8 - DESPLAZADO NO ASEGURADO O VINCULADO
EPS008;Signos y sintomas mal definidos;4 - PARTICULAR
EPS008;Lesiones;8 - DESPLAZADO NO ASEGURADO O VINCULADO
EPS008;Lesiones;4 - PARTICULAR
EPS008;Enfermedades no transmisibles;8 - DESPLAZADO NO ASEGURADO O VINCULADO
EPS008;Enfermedades no transmisibles;4 - PARTICULAR
EPS008;Condiciones transmisibles y nutricionales;8 - DESPLAZADO NO ASEGURADO O VINCULADO
EPS008;Condiciones transmisibles y nutricionales;4 - PARTICULAR
EPS006;Signos y sintomas mal definidos;8 - DESPLAZADO NO ASEGURADO O VINCULADO
EPS006;Signos y sintomas mal definidos;4 - PARTICULAR
EPS006;Lesiones;8 - DESPLAZADO NO ASEGURADO O VINCULADO
EPS006;Lesiones;4 - PARTICULAR
EPS006;Enfermedades no transmisibles;8 - DESPLAZADO NO ASEGURADO O VINCULADO
EPS006;Enfermedades no transmisibles;4 - PARTICULAR
EPS006;Condiciones transmisibles y nutricionales;8 - DESPLAZADO NO ASEGURADO O VINCULADO
EPS006;Condiciones transmisibles y nutricionales;4 - PARTICULAR
EPS005;Signos y sintomas mal definidos;8 - DESPLAZADO NO ASEGURADO O VINCULADO
EPS005;Signos y sintomas mal definidos;4 - PARTICULAR
EPS005;Lesiones;8 - DESPLAZADO NO ASEGURADO O VINCULADO
EPS005;Lesiones;4 - PARTICULAR
EPS005;Enfermedades no transmisibles;8 - DESPLAZADO NO ASEGURADO O VINCULADO
EPS005;Enfermedades no transmisibles;4 - PARTICULAR
EPS005;Condiciones transmisibles y nutricionales;8 - DESPLAZADO NO ASEGURADO O VINCULADO
EPS005;Condiciones transmisibles y nutricionales;4 - PARTICULAR
EPS003;Signos y sintomas mal definidos;8 - DESPLAZADO NO ASEGURADO O VINCULADO
EPS003;Signos y sintomas mal definidos;4 - PARTICULAR
EPS003;Lesiones;8 - DESPLAZADO NO ASEGURADO O VINCULADO
EPS003;Lesiones;4 - PARTICULAR
EPS003;Enfermedades no transmisibles;8 - DESPLAZADO NO ASEGURADO O VINCULADO
EPS003;Enfermedades no transmisibles;4 - PARTICULAR
EPS003;Condiciones transmisibles y nutricionales;8 - DESPLAZADO NO ASEGURADO O VINCULADO
EPS003;Condiciones transmisibles y nutricionales;4 - PARTICULAR
EPS002;Signos y sintomas mal definidos;8 - DESPLAZADO NO ASEGURADO O VINCULADO
EPS002;Signos y sintomas mal definidos;4 - PARTICULAR
EPS002;Lesiones;8 - DESPLAZADO NO ASEGURADO O VINCULADO
EPS002;Lesiones;4 - PARTICULAR
EPS002;Enfermedades no transmisibles;8 - DESPLAZADO NO ASEGURADO O VINCULADO
EPS002;Enfermedades no transmisibles;4 - PARTICULAR
EPS002;Condiciones transmisibles y nutricionales;8 - DESPLAZADO NO ASEGURADO O VINCULADO
EPS002;Condiciones transmisibles y nutricionales;4 - PARTICULAR
EPS001;Signos y sintomas mal definidos;8 - DESPLAZADO NO ASEGURADO O VINCULADO
EPS001;Signos y sintomas mal definidos;4 - PARTICULAR
EPS001;Lesiones;8 - DESPLAZADO NO ASEGURADO O VINCULADO
EPS001;Lesiones;4 - PARTICULAR
EPS001;Enfermedades no transmisibles;8 - DESPLAZADO NO ASEGURADO O VINCULADO
EPS001;Enfermedades no transmisibles;4 - PARTICULAR
EPS001;Condiciones transmisibles y nutricionales;8 - DESPLAZADO NO ASEGURADO O VINCULADO
EPS001;Condiciones transmisibles y nutricionales;4 - PARTICULAR
EAS027;Signos y sintomas mal definidos;8 - DESPLAZADO NO ASEGURADO O VINCULADO
EAS027;Signos y sintomas mal definidos;4 - PARTICULAR
EAS027;Lesiones;8 - DESPLAZADO NO ASEGURADO O VINCULADO
EAS027;Lesiones;4 - PARTICULAR
EAS027;Enfermedades no transmisibles;8 - DESPLAZADO NO ASEGURADO O VINCULADO
EAS027;Enfermedades no transmisibles;4 - PARTICULAR
EAS027;Condiciones transmisibles y nutricionales;8 - DESPLAZADO NO ASEGURADO O VINCULADO
EAS027;Condiciones transmisibles y nutricionales;4 - PARTICULAR
EAS016;Signos y sintomas mal definidos;8 - DESPLAZADO NO ASEGURADO O VINCULADO
EAS016;Signos y sintomas mal definidos;4 - PARTICULAR
EAS016;Lesiones;8 - DESPLAZADO NO ASEGURADO O VINCULADO
EAS016;Lesiones;4 - PARTICULAR
EAS016;Enfermedades no transmisibles;8 - DESPLAZADO NO ASEGURADO O VINCULADO
EAS016;Enfermedades no transmisibles;4 - PARTICULAR
EAS016;Condiciones transmisibles y nutricionales;8 - DESPLAZADO NO ASEGURADO O VINCULADO
EAS016;Condiciones transmisibles y nutricionales;4 - PARTICULAR
CCFC55;Signos y sintomas mal definidos;8 - DESPLAZADO NO ASEGURADO O VINCULADO
CCFC55;Signos y sintomas mal definidos;4 - PARTICULAR
CCFC55;Lesiones;8 - DESPLAZADO NO ASEGURADO O VINCULADO
CCFC55;Lesiones;4 - PARTICULAR
CCFC55;Enfermedades no transmisibles;8 - DESPLAZADO NO ASEGURADO O VINCULADO
CCFC55;Enfermedades no transmisibles;4 - PARTICULAR
CCFC55;Condiciones transmisibles y nutricionales;8 - DESPLAZADO NO ASEGURADO O VINCULADO
CCFC55;Condiciones transmisibles y nutricionales;4 - PARTICULAR
CCFC53;Signos y sintomas mal definidos;8 - DESPLAZADO NO ASEGURADO O VINCULADO
CCFC53;Signos y sintomas mal definidos;4 - PARTICULAR
CCFC53;Lesiones;8 - DESPLAZADO NO ASEGURADO O VINCULADO
CCFC53;Lesiones;4 - PARTICULAR
CCFC53;Enfermedades no transmisibles;8 - DESPLAZADO NO ASEGURADO O VINCULADO
CCFC53;Enfermedades no transmisibles;4 - PARTICULAR
CCFC53;Condiciones transmisibles y nutricionales;8 - DESPLAZADO NO ASEGURADO O VINCULADO
CCFC53;Condiciones transmisibles y nutricionales;4 - PARTICULAR
CCFC50;Signos y sintomas mal definidos;8 - DESPLAZADO NO ASEGURADO O VINCULADO
CCFC50;Signos y sintomas mal definidos;4 - PARTICULAR
CCFC50;Lesiones;8 - DESPLAZADO NO ASEGURADO O VINCULADO
CCFC50;Lesiones;4 - PARTICULAR
CCFC50;Enfermedades no transmisibles;8 - DESPLAZADO NO ASEGURADO O VINCULADO
CCFC50;Enfermedades no transmisibles;4 - PARTICULAR
CCFC50;Condiciones transmisibles y nutricionales;8 - DESPLAZADO NO ASEGURADO O VINCULADO
CCFC50;Condiciones transmisibles y nutricionales;4 - PARTICULAR
CCFC33;Signos y sintomas mal definidos;8 - DESPLAZADO NO ASEGURADO O VINCULADO
CCFC33;Signos y sintomas mal definidos;4 - PARTICULAR
CCFC33;Lesiones;8 - DESPLAZADO NO ASEGURADO O VINCULADO
CCFC33;Lesiones;4 - PARTICULAR
CCFC33;Enfermedades no transmisibles;8 - DESPLAZADO NO ASEGURADO O VINCULADO
CCFC33;Enfermedades no transmisibles;4 - PARTICULAR
CCFC33;Condiciones transmisibles y nutricionales;8 - DESPLAZADO NO ASEGURADO O VINCULADO
CCFC33;Condiciones transmisibles y nutricionales;4 - PARTICULAR
CCFC27;Signos y sintomas mal definidos;8 - DESPLAZADO NO ASEGURADO O VINCULADO
CCFC27;Signos y sintomas mal definidos;4 - PARTICULAR
CCFC27;Lesiones;8 - DESPLAZADO NO ASEGURADO O VINCULADO
CCFC27;Lesiones;4 - PARTICULAR
CCFC27;Enfermedades no transmisibles;8 - DESPLAZADO NO ASEGURADO O VINCULADO
CCFC27;Enfermedades no transmisibles;4 - PARTICULAR
CCFC27;Condiciones transmisibles y nutricionales;8 - DESPLAZADO NO ASEGURADO O VINCULADO
CCFC27;Condiciones transmisibles y nutricionales;4 - PARTICULAR
CCFC24;Signos y sintomas mal definidos;8 - DESPLAZADO NO ASEGURADO O VINCULADO
CCFC24;Signos y sintomas mal definidos;4 - PARTICULAR
CCFC24;Lesiones;8 - DESPLAZADO NO ASEGURADO O VINCULADO
CCFC24;Lesiones;4 - PARTICULAR
CCFC24;Enfermedades no transmisibles;8 - DESPLAZADO NO ASEGURADO O VINCULADO
CCFC24;Enfermedades no transmisibles;4 - PARTICULAR
CCFC24;Condiciones transmisibles y nutricionales;8 - DESPLAZADO NO ASEGURADO O VINCULADO
CCFC24;Condiciones transmisibles y nutricionales;4 - PARTICULAR
CCFC23;Signos y sintomas mal definidos;8 - DESPLAZADO NO ASEGURADO O VINCULADO
CCFC23;Signos y sintomas mal definidos;4 - PARTICULAR
CCFC23;Lesiones;8 - DESPLAZADO NO ASEGURADO O VINCULADO
CCFC23;Lesiones;4 - PARTICULAR
CCFC23;Enfermedades no transmisibles;8 - DESPLAZADO NO ASEGURADO O VINCULADO
CCFC23;Enfermedades no transmisibles;4 - PARTICULAR
CCFC23;Condiciones transmisibles y nutricionales;8 - DESPLAZADO NO ASEGURADO O VINCULADO
CCFC23;Condiciones transmisibles y nutricionales;4 - PARTICULAR
CCFC20;Signos y sintomas mal definidos;8 - DESPLAZADO NO ASEGURADO O VINCULADO
CCFC20;Signos y sintomas mal definidos;4 - PARTICULAR
CCFC20;Lesiones;8 - DESPLAZADO NO ASEGURADO O VINCULADO
CCFC20;Lesiones;4 - PARTICULAR
CCFC20;Enfermedades no transmisibles;8 - DESPLAZADO NO ASEGURADO O VINCULADO
CCFC20;Enfermedades no transmisibles;4 - PARTICULAR
CCFC20;Condiciones transmisibles y nutricionales;8 - DESPLAZADO NO ASEGURADO O VINCULADO
CCFC20;Condiciones transmisibles y nutricionales;4 - PARTICULAR
CCFC18;Signos y sintomas mal definidos;8 - DESPLAZADO NO ASEGURADO O VINCULADO
CCFC18;Signos y sintomas mal definidos;4 - PARTICULAR
CCFC18;Lesiones;8 - DESPLAZADO NO ASEGURADO O VINCULADO
CCFC18;Lesiones;4 - PARTICULAR
CCFC18;Enfermedades no transmisibles;8 - DESPLAZADO NO ASEGURADO O VINCULADO
CCFC18;Enfermedades no transmisibles;4 - PARTICULAR
CCFC18;Condiciones transmisibles y nutricionales;8 - DESPLAZADO NO ASEGURADO O VINCULADO
CCFC18;Condiciones transmisibles y nutricionales;4 - PARTICULAR
CCFC15;Signos y sintomas mal definidos;8 - DESPLAZADO NO ASEGURADO O VINCULADO
CCFC15;Signos y sintomas mal definidos;4 - PARTICULAR
CCFC15;Lesiones;8 - DESPLAZADO NO ASEGURADO O VINCULADO
CCFC15;Lesiones;4 - PARTICULAR
CCFC15;Enfermedades no transmisibles;8 - DESPLAZADO NO ASEGURADO O VINCULADO
CCFC15;Enfermedades no transmisibles;4 - PARTICULAR
CCFC15;Condiciones transmisibles y nutricionales;8 - DESPLAZADO NO ASEGURADO O VINCULADO
CCFC15;Condiciones transmisibles y nutricionales;4 - PARTICULAR
CCFC10;Signos y sintomas mal definidos;8 - DESPLAZADO NO ASEGURADO O VINCULADO
CCFC10;Signos y sintomas mal definidos;4 - PARTICULAR
CCFC10;Lesiones;8 - DESPLAZADO NO ASEGURADO O VINCULADO
CCFC10;Lesiones;4 - PARTICULAR
CCFC10;Enfermedades no transmisibles;8 - DESPLAZADO NO ASEGURADO O VINCULADO
CCFC10;Enfermedades no transmisibles;4 - PARTICULAR
CCFC10;Condiciones transmisibles y nutricionales;8 - DESPLAZADO NO ASEGURADO O VINCULADO
CCFC10;Condiciones transmisibles y nutricionales;4 - PARTICULAR
CCFC09;Signos y sintomas mal definidos;8 - DESPLAZADO NO ASEGURADO O VINCULADO
CCFC09;Signos y sintomas mal definidos;4 - PARTICULAR
CCFC09;Lesiones;8 - DESPLAZADO NO ASEGURADO O VINCULADO
CCFC09;Lesiones;4 - PARTICULAR
CCFC09;Enfermedades no transmisibles;8 - DESPLAZADO NO ASEGURADO O VINCULADO
CCFC09;Enfermedades no transmisibles;4 - PARTICULAR
CCFC09;Condiciones transmisibles y nutricionales;8 - DESPLAZADO NO ASEGURADO O VINCULADO
CCFC09;Condiciones transmisibles y nutricionales;4 - PARTICULAR
CCFC07;Signos y sintomas mal definidos;8 - DESPLAZADO NO ASEGURADO O VINCULADO
CCFC07;Signos y sintomas mal definidos;4 - PARTICULAR
CCFC07;Lesiones;8 - DESPLAZADO NO ASEGURADO O VINCULADO
CCFC07;Lesiones;4 - PARTICULAR
CCFC07;Enfermedades no transmisibles;8 - DESPLAZADO NO ASEGURADO O VINCULADO
CCFC07;Enfermedades no transmisibles;4 - PARTICULAR
CCFC07;Condiciones transmisibles y nutricionales;8 - DESPLAZADO NO ASEGURADO O VINCULADO
CCFC07;Condiciones transmisibles y nutricionales;4 - PARTICULAR
CCFC02;Signos y sintomas mal definidos;8 - DESPLAZADO NO ASEGURADO O VINCULADO
CCFC02;Signos y sintomas mal definidos;4 - PARTICULAR
CCFC02;Lesiones;8 - DESPLAZADO NO ASEGURADO O VINCULADO
CCFC02;Lesiones;4 - PARTICULAR
CCFC02;Enfermedades no transmisibles;8 - DESPLAZADO NO ASEGURADO O VINCULADO
CCFC02;Enfermedades no transmisibles;4 - PARTICULAR
CCFC02;Condiciones transmisibles y nutricionales;8 - DESPLAZADO NO ASEGURADO O VINCULADO
CCFC02;Condiciones transmisibles y nutricionales;4 - PARTICULAR
CCF103;Signos y sintomas mal definidos;8 - DESPLAZADO NO ASEGURADO O VINCULADO
CCF103;Signos y sintomas mal definidos;4 - PARTICULAR
CCF103;Lesiones;8 - DESPLAZADO NO ASEGURADO O VINCULADO
CCF103;Lesiones;4 - PARTICULAR
CCF103;Enfermedades no transmisibles;8 - DESPLAZADO NO ASEGURADO O VINCULADO
CCF103;Enfermedades no transmisibles;4 - PARTICULAR
CCF103;Condiciones transmisibles y nutricionales;8 - DESPLAZADO NO ASEGURADO O VINCULADO
CCF103;Condiciones transmisibles y nutricionales;4 - PARTICULAR
CCF102;Signos y sintomas mal definidos;8 - DESPLAZADO NO ASEGURADO O VINCULADO
CCF102;Signos y sintomas mal definidos;4 - PARTICULAR
CCF102;Lesiones;8 - DESPLAZADO NO ASEGURADO O VINCULADO
CCF102;Lesiones;4 - PARTICULAR
CCF102;Enfermedades no transmisibles;8 - DESPLAZADO NO ASEGURADO O VINCULADO
CCF102;Enfermedades no transmisibles;4 - PARTICULAR
CCF102;Condiciones transmisibles y nutricionales;8 - DESPLAZADO NO ASEGURADO O VINCULADO
CCF102;Condiciones transmisibles y nutricionales;4 - PARTICULAR
CCF055;Signos y sintomas mal definidos;8 - DESPLAZADO NO ASEGURADO O VINCULADO
CCF055;Signos y sintomas mal definidos;4 - PARTICULAR
CCF055;Lesiones;8 - DESPLAZADO NO ASEGURADO O VINCULADO
CCF055;Lesiones;4 - PARTICULAR
CCF055;Enfermedades no transmisibles;8 - DESPLAZADO NO ASEGURADO O VINCULADO
CCF055;Enfermedades no transmisibles;4 - PARTICULAR
CCF055;Condiciones transmisibles y nutricionales;8 - DESPLAZADO NO ASEGURADO O VINCULADO
CCF055;Condiciones transmisibles y nutricionales;4 - PARTICULAR
CCF054;Signos y sintomas mal definidos;8 - DESPLAZADO NO ASEGURADO O VINCULADO
CCF054;Signos y sintomas mal definidos;4 - PARTICULAR
CCF054;Lesiones;8 - DESPLAZADO NO ASEGURADO O VINCULADO
CCF054;Lesiones;4 - PARTICULAR
CCF054;Enfermedades no transmisibles;8 - DESPLAZADO NO ASEGURADO O VINCULADO
CCF054;Enfermedades no transmisibles;4 - PARTICULAR
CCF054;Condiciones transmisibles y nutricionales;8 - DESPLAZADO NO ASEGURADO O VINCULADO
CCF054;Condiciones transmisibles y nutricionales;4 - PARTICULAR
CCF053;Signos y sintomas mal definidos;8 - DESPLAZADO NO ASEGURADO O VINCULADO
CCF053;Signos y sintomas mal definidos;4 - PARTICULAR
CCF053;Lesiones;8 - DESPLAZADO NO ASEGURADO O VINCULADO
CCF053;Lesiones;4 - PARTICULAR
CCF053;Enfermedades no transmisibles;8 - DESPLAZADO NO ASEGURADO O VINCULADO
CCF053;Enfermedades no transmisibles;4 - PARTICULAR
CCF053;Condiciones transmisibles y nutricionales;8 - DESPLAZADO NO ASEGURADO O VINCULADO
CCF053;Condiciones transmisibles y nutricionales;4 - PARTICULAR
CCF050;Signos y sintomas mal definidos;8 - DESPLAZADO NO ASEGURADO O VINCULADO
CCF050;Signos y sintomas mal definidos;4 - PARTICULAR
CCF050;Lesiones;8 - DESPLAZADO NO ASEGURADO O VINCULADO
CCF050;Lesiones;4 - PARTICULAR
CCF050;Enfermedades no transmisibles;8 - DESPLAZADO NO ASEGURADO O VINCULADO
CCF050;Enfermedades no transmisibles;4 - PARTICULAR
CCF050;Condiciones transmisibles y nutricionales;8 - DESPLAZADO NO ASEGURADO O VINCULADO
CCF050;Condiciones transmisibles y nutricionales;4 - PARTICULAR
CCF045;Signos y sintomas mal definidos;8 - DESPLAZADO NO ASEGURADO O VINCULADO
CCF045;Signos y sintomas mal definidos;4 - PARTICULAR
CCF045;Lesiones;8 - DESPLAZADO NO ASEGURADO O VINCULADO
CCF045;Lesiones;4 - PARTICULAR
CCF045;Enfermedades no transmisibles;8 - DESPLAZADO NO ASEGURADO O VINCULADO
CCF045;Enfermedades no transmisibles;4 - PARTICULAR
CCF045;Condiciones transmisibles y nutricionales;8 - DESPLAZADO NO ASEGURADO O VINCULADO
CCF045;Condiciones transmisibles y nutricionales;4 - PARTICULAR
CCF040;Signos y sintomas mal definidos;8 - DESPLAZADO NO ASEGURADO O VINCULADO
CCF040;Signos y sintomas mal definidos;4 - PARTICULAR
CCF040;Lesiones;8 - DESPLAZADO NO ASEGURADO O VINCULADO
CCF040;Lesiones;4 - PARTICULAR
CCF040;Enfermedades no transmisibles;8 - DESPLAZADO NO ASEGURADO O VINCULADO
CCF040;Enfermedades no transmisibles;4 - PARTICULAR
CCF040;Condiciones transmisibles y nutricionales;8 - DESPLAZADO NO ASEGURADO O VINCULADO
CCF040;Condiciones transmisibles y nutricionales;4 - PARTICULAR
CCF037;Signos y sintomas mal definidos;8 - DESPLAZADO NO ASEGURADO O VINCULADO
CCF037;Signos y sintomas mal definidos;4 - PARTICULAR
CCF037;Lesiones;8 - DESPLAZADO NO ASEGURADO O VINCULADO
CCF037;Lesiones;4 - PARTICULAR
CCF037;Enfermedades no transmisibles;8 - DESPLAZADO NO ASEGURADO O VINCULADO
CCF037;Enfermedades no transmisibles;4 - PARTICULAR
CCF037;Condiciones transmisibles y nutricionales;8 - DESPLAZADO NO ASEGURADO O VINCULADO
CCF037;Condiciones transmisibles y nutricionales;4 - PARTICULAR
CCF035;Signos y sintomas mal definidos;8 - DESPLAZADO NO ASEGURADO O VINCULADO
CCF035;Signos y sintomas mal definidos;4 - PARTICULAR
CCF035;Lesiones;8 - DESPLAZADO NO ASEGURADO O VINCULADO
CCF035;Lesiones;4 - PARTICULAR
CCF035;Enfermedades no transmisibles;8 - DESPLAZADO NO ASEGURADO O VINCULADO
CCF035;Enfermedades no transmisibles;4 - PARTICULAR
CCF035;Condiciones transmisibles y nutricionales;8 - DESPLAZADO NO ASEGURADO O VINCULADO
CCF035;Condiciones transmisibles y nutricionales;4 - PARTICULAR
CCF033;Signos y sintomas mal definidos;8 - DESPLAZADO NO ASEGURADO O VINCULADO
CCF033;Signos y sintomas mal definidos;4 - PARTICULAR
CCF033;Lesiones;8 - DESPLAZADO NO ASEGURADO O VINCULADO
CCF033;Lesiones;4 - PARTICULAR
CCF033;Enfermedades no transmisibles;8 - DESPLAZADO NO ASEGURADO O VINCULADO
CCF033;Enfermedades no transmisibles;4 - PARTICULAR
CCF033;Condiciones transmisibles y nutricionales;8 - DESPLAZADO NO ASEGURADO O VINCULADO
CCF033;Condiciones transmisibles y nutricionales;4 - PARTICULAR
CCF032;Signos y sintomas mal definidos;8 - DESPLAZADO NO ASEGURADO O VINCULADO
CCF032;Signos y sintomas mal definidos;4 - PARTICULAR
CCF032;Lesiones;8 - DESPLAZADO NO ASEGURADO O VINCULADO
CCF032;Lesiones;4 - PARTICULAR
CCF032;Enfermedades no transmisibles;8 - DESPLAZADO NO ASEGURADO O VINCULADO
CCF032;Enfermedades no transmisibles;4 - PARTICULAR
CCF032;Condiciones transmisibles y nutricionales;8 - DESPLAZADO NO ASEGURADO O VINCULADO
CCF032;Condiciones transmisibles y nutricionales;4 - PARTICULAR
CCF031;Signos y sintomas mal definidos;8 - DESPLAZADO NO ASEGURADO O VINCULADO
CCF031;Signos y sintomas mal definidos;4 - PARTICULAR
CCF031;Lesiones;8 - DESPLAZADO NO ASEGURADO O VINCULADO
CCF031;Lesiones;4 - PARTICULAR
CCF031;Enfermedades no transmisibles;8 - DESPLAZADO NO ASEGURADO O VINCULADO
CCF031;Enfermedades no transmisibles;4 - PARTICULAR
CCF031;Condiciones transmisibles y nutricionales;8 - DESPLAZADO NO ASEGURADO O VINCULADO
CCF031;Condiciones transmisibles y nutricionales;4 - PARTICULAR
CCF029;Signos y sintomas mal definidos;8 - DESPLAZADO NO ASEGURADO O VINCULADO
CCF029;Signos y sintomas mal definidos;4 - PARTICULAR
CCF029;Lesiones;8 - DESPLAZADO NO ASEGURADO O VINCULADO
CCF029;Lesiones;4 - PARTICULAR
CCF029;Enfermedades no transmisibles;8 - DESPLAZADO NO ASEGURADO O VINCULADO
CCF029;Enfermedades no transmisibles;4 - PARTICULAR
CCF029;Condiciones transmisibles y nutricionales;8 - DESPLAZADO NO ASEGURADO O VINCULADO
CCF029;Condiciones transmisibles y nutricionales;4 - PARTICULAR
CCF028;Signos y sintomas mal definidos;8 - DESPLAZADO NO ASEGURADO O VINCULADO
CCF028;Signos y sintomas mal definidos;4 - PARTICULAR
CCF028;Lesiones;8 - DESPLAZADO NO ASEGURADO O VINCULADO
CCF028;Lesiones;4 - PARTICULAR
CCF028;Enfermedades no transmisibles;8 - DESPLAZADO NO ASEGURADO O VINCULADO
CCF028;Enfermedades no transmisibles;4 - PARTICULAR
CCF028;Condiciones transmisibles y nutricionales;8 - DESPLAZADO NO ASEGURADO O VINCULADO
CCF028;Condiciones transmisibles y nutricionales;4 - PARTICULAR
CCF027;Signos y sintomas mal definidos;8 - DESPLAZADO NO ASEGURADO O VINCULADO
CCF027;Signos y sintomas mal definidos;4 - PARTICULAR
CCF027;Lesiones;8 - DESPLAZADO NO ASEGURADO O VINCULADO
CCF027;Lesiones;4 - PARTICULAR
CCF027;Enfermedades no transmisibles;8 - DESPLAZADO NO ASEGURADO O VINCULADO
CCF027;Enfermedades no transmisibles;4 - PARTICULAR
CCF027;Condiciones transmisibles y nutricionales;8 - DESPLAZADO NO ASEGURADO O VINCULADO
CCF027;Condiciones transmisibles y nutricionales;4 - PARTICULAR
CCF024;Signos y sintomas mal definidos;8 - DESPLAZADO NO ASEGURADO O VINCULADO
CCF024;Signos y sintomas mal definidos;4 - PARTICULAR
CCF024;Lesiones;8 - DESPLAZADO NO ASEGURADO O VINCULADO
CCF024;Lesiones;4 - PARTICULAR
CCF024;Enfermedades no transmisibles;8 - DESPLAZADO NO ASEGURADO O VINCULADO
CCF024;Enfermedades no transmisibles;4 - PARTICULAR
CCF024;Condiciones transmisibles y nutricionales;8 - DESPLAZADO NO ASEGURADO O VINCULADO
CCF024;Condiciones transmisibles y nutricionales;4 - PARTICULAR
CCF023;Signos y sintomas mal definidos;8 - DESPLAZADO NO ASEGURADO O VINCULADO
CCF023;Signos y sintomas mal definidos;4 - PARTICULAR
CCF023;Lesiones;8 - DESPLAZADO NO ASEGURADO O VINCULADO
CCF023;Lesiones;4 - PARTICULAR
CCF023;Enfermedades no transmisibles;8 - DESPLAZADO NO ASEGURADO O VINCULADO
CCF023;Enfermedades no transmisibles;4 - PARTICULAR
CCF023;Condiciones transmisibles y nutricionales;8 - DESPLAZADO NO ASEGURADO O VINCULADO
CCF023;Condiciones transmisibles y nutricionales;4 - PARTICULAR
CCF018;Signos y sintomas mal definidos;8 - DESPLAZADO NO ASEGURADO O VINCULADO
CCF018;Signos y sintomas mal definidos;4 - PARTICULAR
CCF018;Lesiones;8 - DESPLAZADO NO ASEGURADO O VINCULADO
CCF018;Lesiones;4 - PARTICULAR
CCF018;Enfermedades no transmisibles;8 - DESPLAZADO NO ASEGURADO O VINCULADO
CCF018;Enfermedades no transmisibles;4 - PARTICULAR
CCF018;Condiciones transmisibles y nutricionales;8 - DESPLAZADO NO ASEGURADO O VINCULADO
CCF018;Condiciones transmisibles y nutricionales;4 - PARTICULAR
CCF015;Signos y sintomas mal definidos;8 - DESPLAZADO NO ASEGURADO O VINCULADO
CCF015;Signos y sintomas mal definidos;4 - PARTICULAR
CCF015;Lesiones;8 - DESPLAZADO NO ASEGURADO O VINCULADO
CCF015;Lesiones;4 - PARTICULAR
CCF015;Enfermedades no transmisibles;8 - DESPLAZADO NO ASEGURADO O VINCULADO
CCF015;Enfermedades no transmisibles;4 - PARTICULAR
CCF015;Condiciones transmisibles y nutricionales;8 - DESPLAZADO NO ASEGURADO O VINCULADO
CCF015;Condiciones transmisibles y nutricionales;4 - PARTICULAR
CCF010;Signos y sintomas mal definidos;8 - DESPLAZADO NO ASEGURADO O VINCULADO
CCF010;Signos y sintomas mal definidos;4 - PARTICULAR
CCF010;Lesiones;8 - DESPLAZADO NO ASEGURADO O VINCULADO
CCF010;Lesiones;4 - PARTICULAR
CCF010;Enfermedades no transmisibles;8 - DESPLAZADO NO ASEGURADO O VINCULADO
CCF010;Enfermedades no transmisibles;5 - OTRO
CCF010;Enfermedades no transmisibles;3 - VINCULADO
CCF010;Enfermedades no transmisibles;1 - CONTRIBUTIVO
CCF010;Condiciones transmisibles y nutricionales;7 - DESPLAZADO CON AFILIACIN A RGIMEN SUBSIDIADO
CCF010;Condiciones transmisibles y nutricionales;5 - OTRO
CCF010;Condiciones transmisibles y nutricionales;3 - VINCULADO
CCF010;Condiciones transmisibles y nutricionales;1 - CONTRIBUTIVO
CCF009;Signos y sintomas mal definidos;7 - DESPLAZADO CON AFILIACIN A RGIMEN SUBSIDIADO
CCF009;Signos y sintomas mal definidos;5 - OTRO
CCF009;Signos y sintomas mal definidos;3 - VINCULADO
CCF009;Signos y sintomas mal definidos;1 - CONTRIBUTIVO
CCF009;Lesiones;7 - DESPLAZADO CON AFILIACIN A RGIMEN SUBSIDIADO
CCF009;Lesiones;5 - OTRO
CCF009;Lesiones;3 - VINCULADO
CCF009;Lesiones;1 - CONTRIBUTIVO
CCF009;Enfermedades no transmisibles;7 - DESPLAZADO CON AFILIACIN A RGIMEN SUBSIDIADO
CCF009;Enfermedades no transmisibles;5 - OTRO
CCF009;Enfermedades no transmisibles;3 - VINCULADO
CCF009;Enfermedades no transmisibles;1 - CONTRIBUTIVO
CCF009;Condiciones transmisibles y nutricionales;7 - DESPLAZADO CON AFILIACIN A RGIMEN SUBSIDIADO
CCF009;Condiciones transmisibles y nutricionales;5 - OTRO
CCF009;Condiciones transmisibles y nutricionales;3 - VINCULADO
CCF009;Condiciones transmisibles y nutricionales;1 - CONTRIBUTIVO
CCF007;Signos y sintomas mal definidos;7 - DESPLAZADO CON AFILIACIN A RGIMEN SUBSIDIADO
CCF007;Signos y sintomas mal definidos;5 - OTRO
CCF007;Signos y sintomas mal definidos;3 - VINCULADO
CCF007;Signos y sintomas mal definidos;1 - CONTRIBUTIVO
CCF007;Lesiones;7 - DESPLAZADO CON AFILIACIN A RGIMEN SUBSIDIADO
CCF007;Lesiones;5 - OTRO
CCF007;Lesiones;3 - VINCULADO
CCF007;Lesiones;1 - CONTRIBUTIVO
CCF007;Enfermedades no transmisibles;7 - DESPLAZADO CON AFILIACIN A RGIMEN SUBSIDIADO
CCF007;Enfermedades no transmisibles;5 - OTRO
CCF007;Enfermedades no transmisibles;3 - VINCULADO
CCF007;Enfermedades no transmisibles;1 - CONTRIBUTIVO
CCF007;Condiciones transmisibles y nutricionales;7 - DESPLAZADO CON AFILIACIN A RGIMEN SUBSIDIADO
CCF007;Condiciones transmisibles y nutricionales;5 - OTRO
CCF007;Condiciones transmisibles y nutricionales;3 - VINCULADO
CCF007;Condiciones transmisibles y nutricionales;1 - CONTRIBUTIVO
CCF002;Signos y sintomas mal definidos;7 - DESPLAZADO CON AFILIACIN A RGIMEN SUBSIDIADO
CCF002;Signos y sintomas mal definidos;5 - OTRO
CCF002;Signos y sintomas mal definidos;3 - VINCULADO
CCF002;Signos y sintomas mal definidos;1 - CONTRIBUTIVO
CCF002;Lesiones;7 - DESPLAZADO CON AFILIACIN A RGIMEN SUBSIDIADO
CCF002;Lesiones;5 - OTRO
CCF002;Lesiones;3 - VINCULADO
CCF002;Lesiones;1 - CONTRIBUTIVO
CCF002;Enfermedades no transmisibles;7 - DESPLAZADO CON AFILIACIN A RGIMEN SUBSIDIADO
CCF002;Enfermedades no transmisibles;5 - OTRO
CCF002;Enfermedades no transmisibles;3 - VINCULADO
CCF002;Enfermedades no transmisibles;1 - CONTRIBUTIVO
CCF002;Condiciones transmisibles y nutricionales;7 - DESPLAZADO CON AFILIACIN A RGIMEN SUBSIDIADO
CCF002;Condiciones transmisibles y nutricionales;5 - OTRO
CCF002;Condiciones transmisibles y nutricionales;3 - VINCULADO
CCF002;Condiciones transmisibles y nutricionales;1 - CONTRIBUTIVO
CCF001;Signos y sintomas mal definidos;7 - DESPLAZADO CON AFILIACIN A RGIMEN SUBSIDIADO
CCF001;Signos y sintomas mal definidos;5 - OTRO
CCF001;Signos y sintomas mal definidos;3 - VINCULADO
CCF001;Signos y sintomas mal definidos;1 - CONTRIBUTIVO
CCF001;Lesiones;7 - DESPLAZADO CON AFILIACIN A RGIMEN SUBSIDIADO
CCF001;Lesiones;5 - OTRO
CCF001;Lesiones;3 - VINCULADO
CCF001;Lesiones;1 - CONTRIBUTIVO
CCF001;Enfermedades no transmisibles;7 - DESPLAZADO CON AFILIACIN A RGIMEN SUBSIDIADO
CCF001;Enfermedades no transmisibles;5 - OTRO
CCF001;Enfermedades no transmisibles;3 - VINCULADO
CCF001;Enfermedades no transmisibles;1 - CONTRIBUTIVO
CCF001;Condiciones transmisibles y nutricionales;7 - DESPLAZADO CON AFILIACIN A RGIMEN SUBSIDIADO
CCF001;Condiciones transmisibles y nutricionales;5 - OTRO
CCF001;Condiciones transmisibles y nutricionales;3 - VINCULADO
CCF001;Condiciones transmisibles y nutricionales;1 - CONTRIBUTIVO
