"EPS";"VAR_OF_INTEREST";"TYPE_OF_USER"
"RES007";"Signos y sintomas mal definidos";"2 - SUBSIDIADO"
"RES007";"Signos y sintomas mal definidos";"1 - CONTRIBUTIVO"
"RES007";"Lesiones";"2 - SUBSIDIADO"
"RES007";"Lesiones";"1 - CONTRIBUTIVO"
"RES007";"Enfermedades no transmisibles";"2 - SUBSIDIADO"
"RES007";"Enfermedades no transmisibles";"1 - CONTRIBUTIVO"
"RES007";"Condiciones transmisibles y nutricionales";"2 - SUBSIDIADO"
"RES007";"Condiciones transmisibles y nutricionales";"1 - CONTRIBUTIVO"
"RES014";"Signos y sintomas mal definidos";"2 - SUBSIDIADO"
"RES014";"Signos y sintomas mal definidos";"1 - CONTRIBUTIVO"
"RES014";"Lesiones";"2 - SUBSIDIADO"
"RES014";"Lesiones";"1 - CONTRIBUTIVO"
"RES014";"Enfermedades no transmisibles";"2 - SUBSIDIADO"
"RES014";"Enfermedades no transmisibles";"1 - CONTRIBUTIVO"
"RES014";"Condiciones transmisibles y nutricionales";"2 - SUBSIDIADO"
"RES014";"Condiciones transmisibles y nutricionales";"1 - CONTRIBUTIVO"
"RES013";"Signos y sintomas mal definidos";"2 - SUBSIDIADO"
"RES013";"Signos y sintomas mal definidos";"1 - CONTRIBUTIVO"
"RES013";"Lesiones";"2 - SUBSIDIADO"
"RES013";"Lesiones";"1 - CONTRIBUTIVO"
"RES013";"Enfermedades no transmisibles";"2 - SUBSIDIADO"
"RES013";"Enfermedades no transmisibles";"1 - CONTRIBUTIVO"
"RES013";"Condiciones transmisibles y nutricionales";"2 - SUBSIDIADO"
"RES013";"Condiciones transmisibles y nutricionales";"1 - CONTRIBUTIVO"
"RES012";"Signos y sintomas mal definidos";"2 - SUBSIDIADO"
"RES012";"Signos y sintomas mal definidos";"1 - CONTRIBUTIVO"
"RES012";"Lesiones";"2 - SUBSIDIADO"
"RES012";"Lesiones";"1 - CONTRIBUTIVO"
"RES012";"Enfermedades no transmisibles";"2 - SUBSIDIADO"
"RES012";"Enfermedades no transmisibles";"1 - CONTRIBUTIVO"
"RES012";"Condiciones transmisibles y nutricionales";"2 - SUBSIDIADO"
"RES012";"Condiciones transmisibles y nutricionales";"1 - CONTRIBUTIVO"
"RES009";"Signos y sintomas mal definidos";"2 - SUBSIDIADO"
"RES009";"Signos y sintomas mal definidos";"1 - CONTRIBUTIVO"
"RES009";"Lesiones";"2 - SUBSIDIADO"
"RES009";"Lesiones";"1 - CONTRIBUTIVO"
"RES009";"Enfermedades no transmisibles";"2 - SUBSIDIADO"
"RES009";"Enfermedades no transmisibles";"1 - CONTRIBUTIVO"
"RES009";"Condiciones transmisibles y nutricionales";"2 - SUBSIDIADO"
"RES009";"Condiciones transmisibles y nutricionales";"1 - CONTRIBUTIVO"
"RES010";"Signos y sintomas mal definidos";"2 - SUBSIDIADO"
"RES010";"Signos y sintomas mal definidos";"1 - CONTRIBUTIVO"
"RES010";"Lesiones";"2 - SUBSIDIADO"
"RES010";"Lesiones";"1 - CONTRIBUTIVO"
"RES010";"Enfermedades no transmisibles";"2 - SUBSIDIADO"
"RES010";"Enfermedades no transmisibles";"1 - CONTRIBUTIVO"
"RES010";"Condiciones transmisibles y nutricionales";"2 - SUBSIDIADO"
"RES010";"Condiciones transmisibles y nutricionales";"1 - CONTRIBUTIVO"
"RES005";"Signos y sintomas mal definidos";"2 - SUBSIDIADO"
"RES005";"Signos y sintomas mal definidos";"1 - CONTRIBUTIVO"
"RES005";"Lesiones";"2 - SUBSIDIADO"
"RES005";"Lesiones";"1 - CONTRIBUTIVO"
"RES005";"Enfermedades no transmisibles";"2 - SUBSIDIADO"
"RES005";"Enfermedades no transmisibles";"1 - CONTRIBUTIVO"
"RES005";"Condiciones transmisibles y nutricionales";"2 - SUBSIDIADO"
"RES005";"Condiciones transmisibles y nutricionales";"1 - CONTRIBUTIVO"
"RES011";"Signos y sintomas mal definidos";"2 - SUBSIDIADO"
"RES011";"Signos y sintomas mal definidos";"1 - CONTRIBUTIVO"
"RES011";"Lesiones";"2 - SUBSIDIADO"
"RES011";"Lesiones";"1 - CONTRIBUTIVO"
"RES011";"Enfermedades no transmisibles";"2 - SUBSIDIADO"
"RES011";"Enfermedades no transmisibles";"1 - CONTRIBUTIVO"
"RES011";"Condiciones transmisibles y nutricionales";"2 - SUBSIDIADO"
"RES011";"Condiciones transmisibles y nutricionales";"1 - CONTRIBUTIVO"
"EPS026";"Signos y sintomas mal definidos";"2 - SUBSIDIADO"
"EPS026";"Signos y sintomas mal definidos";"1 - CONTRIBUTIVO"
"EPS026";"Lesiones";"2 - SUBSIDIADO"
"EPS026";"Lesiones";"1 - CONTRIBUTIVO"
"EPS026";"Enfermedades no transmisibles";"2 - SUBSIDIADO"
"EPS026";"Enfermedades no transmisibles";"1 - CONTRIBUTIVO"
"EPS026";"Condiciones transmisibles y nutricionales";"2 - SUBSIDIADO"
"EPS026";"Condiciones transmisibles y nutricionales";"1 - CONTRIBUTIVO"
"EPSS26";"Signos y sintomas mal definidos";"2 - SUBSIDIADO"
"EPSS26";"Signos y sintomas mal definidos";"1 - CONTRIBUTIVO"
"EPSS26";"Lesiones";"2 - SUBSIDIADO"
"EPSS26";"Lesiones";"1 - CONTRIBUTIVO"
"EPSS26";"Enfermedades no transmisibles";"2 - SUBSIDIADO"
"EPSS26";"Enfermedades no transmisibles";"1 - CONTRIBUTIVO"
"EPSS26";"Condiciones transmisibles y nutricionales";"2 - SUBSIDIADO"
"EPSS26";"Condiciones transmisibles y nutricionales";"1 - CONTRIBUTIVO"
"EPS031";"Signos y sintomas mal definidos";"2 - SUBSIDIADO"
"EPS031";"Signos y sintomas mal definidos";"1 - CONTRIBUTIVO"
"EPS031";"Lesiones";"2 - SUBSIDIADO"
"EPS031";"Lesiones";"1 - CONTRIBUTIVO"
"EPS031";"Enfermedades no transmisibles";"2 - SUBSIDIADO"
"EPS031";"Enfermedades no transmisibles";"1 - CONTRIBUTIVO"
"EPS031";"Condiciones transmisibles y nutricionales";"2 - SUBSIDIADO"
"EPS031";"Condiciones transmisibles y nutricionales";"1 - CONTRIBUTIVO"
"EPS040";"Signos y sintomas mal definidos";"2 - SUBSIDIADO"
"EPS040";"Signos y sintomas mal definidos";"1 - CONTRIBUTIVO"
"EPS040";"Lesiones";"2 - SUBSIDIADO"
"EPS040";"Lesiones";"1 - CONTRIBUTIVO"
"EPS040";"Enfermedades no transmisibles";"2 - SUBSIDIADO"
"EPS040";"Enfermedades no transmisibles";"1 - CONTRIBUTIVO"
"EPS040";"Condiciones transmisibles y nutricionales";"2 - SUBSIDIADO"
"EPS040";"Condiciones transmisibles y nutricionales";"1 - CONTRIBUTIVO"
"EPSS40";"Signos y sintomas mal definidos";"2 - SUBSIDIADO"
"EPSS40";"Signos y sintomas mal definidos";"1 - CONTRIBUTIVO"
"EPSS40";"Lesiones";"2 - SUBSIDIADO"
"EPSS40";"Lesiones";"1 - CONTRIBUTIVO"
"EPSS40";"Enfermedades no transmisibles";"2 - SUBSIDIADO"
"EPSS40";"Enfermedades no transmisibles";"1 - CONTRIBUTIVO"
"EPSS40";"Condiciones transmisibles y nutricionales";"2 - SUBSIDIADO"
"EPSS40";"Condiciones transmisibles y nutricionales";"1 - CONTRIBUTIVO"
"EPS033";"Signos y sintomas mal definidos";"2 - SUBSIDIADO"
"EPS033";"Signos y sintomas mal definidos";"1 - CONTRIBUTIVO"
"EPS033";"Lesiones";"2 - SUBSIDIADO"
"EPS033";"Lesiones";"1 - CONTRIBUTIVO"
"EPS033";"Enfermedades no transmisibles";"2 - SUBSIDIADO"
"EPS033";"Enfermedades no transmisibles";"1 - CONTRIBUTIVO"
"EPS033";"Condiciones transmisibles y nutricionales";"2 - SUBSIDIADO"
"EPS033";"Condiciones transmisibles y nutricionales";"1 - CONTRIBUTIVO"
"EPSC33";"Signos y sintomas mal definidos";"2 - SUBSIDIADO"
"EPSC33";"Signos y sintomas mal definidos";"1 - CONTRIBUTIVO"
"EPSC33";"Lesiones";"2 - SUBSIDIADO"
"EPSC33";"Lesiones";"1 - CONTRIBUTIVO"
"EPSC33";"Enfermedades no transmisibles";"2 - SUBSIDIADO"
"EPSC33";"Enfermedades no transmisibles";"1 - CONTRIBUTIVO"
"EPSC33";"Condiciones transmisibles y nutricionales";"2 - SUBSIDIADO"
"EPSC33";"Condiciones transmisibles y nutricionales";"1 - CONTRIBUTIVO"
"EPSS33";"Signos y sintomas mal definidos";"2 - SUBSIDIADO"
"EPSS33";"Signos y sintomas mal definidos";"1 - CONTRIBUTIVO"
"EPSS33";"Lesiones";"2 - SUBSIDIADO"
"EPSS33";"Lesiones";"1 - CONTRIBUTIVO"
"EPSS33";"Enfermedades no transmisibles";"2 - SUBSIDIADO"
"EPSS33";"Enfermedades no transmisibles";"1 - CONTRIBUTIVO"
"EPSS33";"Condiciones transmisibles y nutricionales";"2 - SUBSIDIADO"
"EPSS33";"Condiciones transmisibles y nutricionales";"1 - CONTRIBUTIVO"
"EPS034";"Signos y sintomas mal definidos";"2 - SUBSIDIADO"
"EPS034";"Signos y sintomas mal definidos";"1 - CONTRIBUTIVO"
"EPS034";"Lesiones";"2 - SUBSIDIADO"
"EPS034";"Lesiones";"1 - CONTRIBUTIVO"
"EPS034";"Enfermedades no transmisibles";"2 - SUBSIDIADO"
"EPS034";"Enfermedades no transmisibles";"1 - CONTRIBUTIVO"
"EPS034";"Condiciones transmisibles y nutricionales";"2 - SUBSIDIADO"
"EPS034";"Condiciones transmisibles y nutricionales";"1 - CONTRIBUTIVO"
"EPSS02";"Signos y sintomas mal definidos";"2 - SUBSIDIADO"
"EPSS02";"Signos y sintomas mal definidos";"1 - CONTRIBUTIVO"
"EPSS02";"Lesiones";"2 - SUBSIDIADO"
"EPSS02";"Lesiones";"1 - CONTRIBUTIVO"
"EPSS02";"Enfermedades no transmisibles";"2 - SUBSIDIADO"
"EPSS02";"Enfermedades no transmisibles";"1 - CONTRIBUTIVO"
"EPSS02";"Condiciones transmisibles y nutricionales";"2 - SUBSIDIADO"
"EPSS02";"Condiciones transmisibles y nutricionales";"1 - CONTRIBUTIVO"
"EPS002";"Signos y sintomas mal definidos";"2 - SUBSIDIADO"
"EPS002";"Signos y sintomas mal definidos";"1 - CONTRIBUTIVO"
"EPS002";"Lesiones";"2 - SUBSIDIADO"
"EPS002";"Lesiones";"1 - CONTRIBUTIVO"
"EPS002";"Enfermedades no transmisibles";"2 - SUBSIDIADO"
"EPS002";"Enfermedades no transmisibles";"1 - CONTRIBUTIVO"
"EPS002";"Condiciones transmisibles y nutricionales";"2 - SUBSIDIADO"
"EPS002";"Condiciones transmisibles y nutricionales";"1 - CONTRIBUTIVO"
"EPS015";"Signos y sintomas mal definidos";"2 - SUBSIDIADO"
"EPS015";"Signos y sintomas mal definidos";"1 - CONTRIBUTIVO"
"EPS015";"Lesiones";"2 - SUBSIDIADO"
"EPS015";"Lesiones";"1 - CONTRIBUTIVO"
"EPS015";"Enfermedades no transmisibles";"2 - SUBSIDIADO"
"EPS015";"Enfermedades no transmisibles";"1 - CONTRIBUTIVO"
"EPS015";"Condiciones transmisibles y nutricionales";"2 - SUBSIDIADO"
"EPS015";"Condiciones transmisibles y nutricionales";"1 - CONTRIBUTIVO"
"EPS035";"Signos y sintomas mal definidos";"2 - SUBSIDIADO"
"EPS035";"Signos y sintomas mal definidos";"1 - CONTRIBUTIVO"
"EPS035";"Lesiones";"2 - SUBSIDIADO"
"EPS035";"Lesiones";"1 - CONTRIBUTIVO"
"EPS035";"Enfermedades no transmisibles";"2 - SUBSIDIADO"
"EPS035";"Enfermedades no transmisibles";"1 - CONTRIBUTIVO"
"EPS035";"Condiciones transmisibles y nutricionales";"2 - SUBSIDIADO"
"EPS035";"Condiciones transmisibles y nutricionales";"1 - CONTRIBUTIVO"
"POL001";"Signos y sintomas mal definidos";"2 - SUBSIDIADO"
"POL001";"Signos y sintomas mal definidos";"1 - CONTRIBUTIVO"
"POL001";"Lesiones";"2 - SUBSIDIADO"
"POL001";"Lesiones";"1 - CONTRIBUTIVO"
"POL001";"Enfermedades no transmisibles";"2 - SUBSIDIADO"
"POL001";"Enfermedades no transmisibles";"1 - CONTRIBUTIVO"
"POL001";"Condiciones transmisibles y nutricionales";"2 - SUBSIDIADO"
"POL001";"Condiciones transmisibles y nutricionales";"1 - CONTRIBUTIVO"
"EPSIC6";"Signos y sintomas mal definidos";"2 - SUBSIDIADO"
"EPSIC6";"Signos y sintomas mal definidos";"1 - CONTRIBUTIVO"
"EPSIC6";"Lesiones";"2 - SUBSIDIADO"
"EPSIC6";"Lesiones";"1 - CONTRIBUTIVO"
"EPSIC6";"Enfermedades no transmisibles";"2 - SUBSIDIADO"
"EPSIC6";"Enfermedades no transmisibles";"1 - CONTRIBUTIVO"
"EPSIC6";"Condiciones transmisibles y nutricionales";"2 - SUBSIDIADO"
"EPSIC6";"Condiciones transmisibles y nutricionales";"1 - CONTRIBUTIVO"
"EPSI06";"Signos y sintomas mal definidos";"2 - SUBSIDIADO"
"EPSI06";"Signos y sintomas mal definidos";"1 - CONTRIBUTIVO"
"EPSI06";"Lesiones";"2 - SUBSIDIADO"
"EPSI06";"Lesiones";"1 - CONTRIBUTIVO"
"EPSI06";"Enfermedades no transmisibles";"2 - SUBSIDIADO"
"EPSI06";"Enfermedades no transmisibles";"1 - CONTRIBUTIVO"
"EPSI06";"Condiciones transmisibles y nutricionales";"2 - SUBSIDIADO"
"EPSI06";"Condiciones transmisibles y nutricionales";"1 - CONTRIBUTIVO"
"EPSS37";"Signos y sintomas mal definidos";"2 - SUBSIDIADO"
"EPSS37";"Signos y sintomas mal definidos";"1 - CONTRIBUTIVO"
"EPSS37";"Lesiones";"2 - SUBSIDIADO"
"EPSS37";"Lesiones";"1 - CONTRIBUTIVO"
"EPSS37";"Enfermedades no transmisibles";"2 - SUBSIDIADO"
"EPSS37";"Enfermedades no transmisibles";"1 - CONTRIBUTIVO"
"EPSS37";"Condiciones transmisibles y nutricionales";"2 - SUBSIDIADO"
"EPSS37";"Condiciones transmisibles y nutricionales";"1 - CONTRIBUTIVO"
"EPSS41";"Signos y sintomas mal definidos";"2 - SUBSIDIADO"
"EPSS41";"Signos y sintomas mal definidos";"1 - CONTRIBUTIVO"
"EPSS41";"Lesiones";"2 - SUBSIDIADO"
"EPSS41";"Lesiones";"1 - CONTRIBUTIVO"
"EPSS41";"Enfermedades no transmisibles";"2 - SUBSIDIADO"
"EPSS41";"Enfermedades no transmisibles";"1 - CONTRIBUTIVO"
"EPSS41";"Condiciones transmisibles y nutricionales";"2 - SUBSIDIADO"
"EPSS41";"Condiciones transmisibles y nutricionales";"1 - CONTRIBUTIVO"
"EPS038";"Signos y sintomas mal definidos";"2 - SUBSIDIADO"
"EPS038";"Signos y sintomas mal definidos";"1 - CONTRIBUTIVO"
"EPS038";"Lesiones";"2 - SUBSIDIADO"
"EPS038";"Lesiones";"1 - CONTRIBUTIVO"
"EPS038";"Enfermedades no transmisibles";"2 - SUBSIDIADO"
"EPS038";"Enfermedades no transmisibles";"1 - CONTRIBUTIVO"
"EPS038";"Condiciones transmisibles y nutricionales";"2 - SUBSIDIADO"
"EPS038";"Condiciones transmisibles y nutricionales";"1 - CONTRIBUTIVO"
"EPSS45";"Signos y sintomas mal definidos";"2 - SUBSIDIADO"
"EPSS45";"Signos y sintomas mal definidos";"1 - CONTRIBUTIVO"
"EPSS45";"Lesiones";"2 - SUBSIDIADO"
"EPSS45";"Lesiones";"1 - CONTRIBUTIVO"
"EPSS45";"Enfermedades no transmisibles";"2 - SUBSIDIADO"
"EPSS45";"Enfermedades no transmisibles";"1 - CONTRIBUTIVO"
"EPSS45";"Condiciones transmisibles y nutricionales";"2 - SUBSIDIADO"
"EPSS45";"Condiciones transmisibles y nutricionales";"1 - CONTRIBUTIVO"
"EPS045";"Signos y sintomas mal definidos";"2 - SUBSIDIADO"
"EPS045";"Signos y sintomas mal definidos";"1 - CONTRIBUTIVO"
"EPS045";"Lesiones";"2 - SUBSIDIADO"
"EPS045";"Lesiones";"1 - CONTRIBUTIVO"
"EPS045";"Enfermedades no transmisibles";"2 - SUBSIDIADO"
"EPS045";"Enfermedades no transmisibles";"1 - CONTRIBUTIVO"
"EPS045";"Condiciones transmisibles y nutricionales";"2 - SUBSIDIADO"
"EPS045";"Condiciones transmisibles y nutricionales";"1 - CONTRIBUTIVO"
"EPSS44";"Signos y sintomas mal definidos";"2 - SUBSIDIADO"
"EPSS44";"Signos y sintomas mal definidos";"1 - CONTRIBUTIVO"
"EPSS44";"Lesiones";"2 - SUBSIDIADO"
"EPSS44";"Lesiones";"1 - CONTRIBUTIVO"
"EPSS44";"Enfermedades no transmisibles";"2 - SUBSIDIADO"
"EPSS44";"Enfermedades no transmisibles";"1 - CONTRIBUTIVO"
"EPSS44";"Condiciones transmisibles y nutricionales";"2 - SUBSIDIADO"
"EPSS44";"Condiciones transmisibles y nutricionales";"1 - CONTRIBUTIVO"
"EPS044";"Signos y sintomas mal definidos";"2 - SUBSIDIADO"
"EPS044";"Signos y sintomas mal definidos";"1 - CONTRIBUTIVO"
"EPS044";"Lesiones";"2 - SUBSIDIADO"
"EPS044";"Lesiones";"1 - CONTRIBUTIVO"
"EPS044";"Enfermedades no transmisibles";"2 - SUBSIDIADO"
"EPS044";"Enfermedades no transmisibles";"1 - CONTRIBUTIVO"
"EPS044";"Condiciones transmisibles y nutricionales";"2 - SUBSIDIADO"
"EPS044";"Condiciones transmisibles y nutricionales";"1 - CONTRIBUTIVO"
"EPSIC2";"Signos y sintomas mal definidos";"2 - SUBSIDIADO"
"EPSIC2";"Signos y sintomas mal definidos";"1 - CONTRIBUTIVO"
"EPSIC2";"Lesiones";"2 - SUBSIDIADO"
"EPSIC2";"Lesiones";"1 - CONTRIBUTIVO"
"EPSIC2";"Enfermedades no transmisibles";"2 - SUBSIDIADO"
"EPSIC2";"Enfermedades no transmisibles";"1 - CONTRIBUTIVO"
"EPSIC2";"Condiciones transmisibles y nutricionales";"2 - SUBSIDIADO"
"EPSIC2";"Condiciones transmisibles y nutricionales";"1 - CONTRIBUTIVO"
"EPSI02";"Signos y sintomas mal definidos";"2 - SUBSIDIADO"
"EPSI02";"Signos y sintomas mal definidos";"1 - CONTRIBUTIVO"
"EPSI02";"Lesiones";"2 - SUBSIDIADO"
"EPSI02";"Lesiones";"1 - CONTRIBUTIVO"
"EPSI02";"Enfermedades no transmisibles";"2 - SUBSIDIADO"
"EPSI02";"Enfermedades no transmisibles";"1 - CONTRIBUTIVO"
"EPSI02";"Condiciones transmisibles y nutricionales";"2 - SUBSIDIADO"
"EPSI02";"Condiciones transmisibles y nutricionales";"1 - CONTRIBUTIVO"
"EPSIC5";"Signos y sintomas mal definidos";"2 - SUBSIDIADO"
"EPSIC5";"Signos y sintomas mal definidos";"1 - CONTRIBUTIVO"
"EPSIC5";"Lesiones";"2 - SUBSIDIADO"
"EPSIC5";"Lesiones";"1 - CONTRIBUTIVO"
"EPSIC5";"Enfermedades no transmisibles";"2 - SUBSIDIADO"
"EPSIC5";"Enfermedades no transmisibles";"1 - CONTRIBUTIVO"
"EPSIC5";"Condiciones transmisibles y nutricionales";"2 - SUBSIDIADO"
"EPSIC5";"Condiciones transmisibles y nutricionales";"1 - CONTRIBUTIVO"
"EPSI05";"Signos y sintomas mal definidos";"2 - SUBSIDIADO"
"EPSI05";"Signos y sintomas mal definidos";"1 - CONTRIBUTIVO"
"EPSI05";"Lesiones";"2 - SUBSIDIADO"
"EPSI05";"Lesiones";"1 - CONTRIBUTIVO"
"EPSI05";"Enfermedades no transmisibles";"2 - SUBSIDIADO"
"EPSI05";"Enfermedades no transmisibles";"1 - CONTRIBUTIVO"
"EPSI05";"Condiciones transmisibles y nutricionales";"2 - SUBSIDIADO"
"EPSI05";"Condiciones transmisibles y nutricionales";"1 - CONTRIBUTIVO"
"RES004";"Signos y sintomas mal definidos";"2 - SUBSIDIADO"
"RES004";"Signos y sintomas mal definidos";"1 - CONTRIBUTIVO"
"RES004";"Lesiones";"2 - SUBSIDIADO"
"RES004";"Lesiones";"1 - CONTRIBUTIVO"
"RES004";"Enfermedades no transmisibles";"2 - SUBSIDIADO"
"RES004";"Enfermedades no transmisibles";"1 - CONTRIBUTIVO"
"RES004";"Condiciones transmisibles y nutricionales";"2 - SUBSIDIADO"
"RES004";"Condiciones transmisibles y nutricionales";"1 - CONTRIBUTIVO"
"EPS041";"Signos y sintomas mal definidos";"2 - SUBSIDIADO"
"EPS041";"Signos y sintomas mal definidos";"1 - CONTRIBUTIVO"
"EPS041";"Lesiones";"2 - SUBSIDIADO"
"EPS041";"Lesiones";"1 - CONTRIBUTIVO"
"EPS041";"Enfermedades no transmisibles";"2 - SUBSIDIADO"
"EPS041";"Enfermedades no transmisibles";"1 - CONTRIBUTIVO"
"EPS041";"Condiciones transmisibles y nutricionales";"2 - SUBSIDIADO"
"EPS041";"Condiciones transmisibles y nutricionales";"1 - CONTRIBUTIVO"
"EPS037";"Signos y sintomas mal definidos";"2 - SUBSIDIADO"
"EPS037";"Signos y sintomas mal definidos";"1 - CONTRIBUTIVO"
"EPS037";"Lesiones";"2 - SUBSIDIADO"
"EPS037";"Lesiones";"1 - CONTRIBUTIVO"
"EPS037";"Enfermedades no transmisibles";"2 - SUBSIDIADO"
"EPS037";"Enfermedades no transmisibles";"1 - CONTRIBUTIVO"
"EPS037";"Condiciones transmisibles y nutricionales";"2 - SUBSIDIADO"
"EPS037";"Condiciones transmisibles y nutricionales";"1 - CONTRIBUTIVO"
"EPS006";"Signos y sintomas mal definidos";"2 - SUBSIDIADO"
"EPS006";"Signos y sintomas mal definidos";"1 - CONTRIBUTIVO"
"EPS006";"Lesiones";"2 - SUBSIDIADO"
"EPS006";"Lesiones";"1 - CONTRIBUTIVO"
"EPS006";"Enfermedades no transmisibles";"2 - SUBSIDIADO"
"EPS006";"Enfermedades no transmisibles";"1 - CONTRIBUTIVO"
"EPS006";"Condiciones transmisibles y nutricionales";"2 - SUBSIDIADO"
"EPS006";"Condiciones transmisibles y nutricionales";"1 - CONTRIBUTIVO"
"RES006";"Signos y sintomas mal definidos";"2 - SUBSIDIADO"
"RES006";"Signos y sintomas mal definidos";"1 - CONTRIBUTIVO"
"RES006";"Lesiones";"2 - SUBSIDIADO"
"RES006";"Lesiones";"1 - CONTRIBUTIVO"
"RES006";"Enfermedades no transmisibles";"2 - SUBSIDIADO"
"RES006";"Enfermedades no transmisibles";"1 - CONTRIBUTIVO"
"RES006";"Condiciones transmisibles y nutricionales";"2 - SUBSIDIADO"
"RES006";"Condiciones transmisibles y nutricionales";"1 - CONTRIBUTIVO"
"EPS014";"Signos y sintomas mal definidos";"2 - SUBSIDIADO"
"EPS014";"Signos y sintomas mal definidos";"1 - CONTRIBUTIVO"
"EPS014";"Lesiones";"2 - SUBSIDIADO"
"EPS014";"Lesiones";"1 - CONTRIBUTIVO"
"EPS014";"Enfermedades no transmisibles";"2 - SUBSIDIADO"
"EPS014";"Enfermedades no transmisibles";"1 - CONTRIBUTIVO"
"EPS014";"Condiciones transmisibles y nutricionales";"2 - SUBSIDIADO"
"EPS014";"Condiciones transmisibles y nutricionales";"1 - CONTRIBUTIVO"
"EPSS14";"Signos y sintomas mal definidos";"2 - SUBSIDIADO"
"EPSS14";"Signos y sintomas mal definidos";"1 - CONTRIBUTIVO"
"EPSS14";"Lesiones";"2 - SUBSIDIADO"
"EPSS14";"Lesiones";"1 - CONTRIBUTIVO"
"EPSS14";"Enfermedades no transmisibles";"2 - SUBSIDIADO"
"EPSS14";"Enfermedades no transmisibles";"1 - CONTRIBUTIVO"
"EPSS14";"Condiciones transmisibles y nutricionales";"2 - SUBSIDIADO"
"EPSS14";"Condiciones transmisibles y nutricionales";"1 - CONTRIBUTIVO"
"EPSS39";"Signos y sintomas mal definidos";"2 - SUBSIDIADO"
"EPSS39";"Signos y sintomas mal definidos";"1 - CONTRIBUTIVO"
"EPSS39";"Lesiones";"2 - SUBSIDIADO"
"EPSS39";"Lesiones";"1 - CONTRIBUTIVO"
"EPSS39";"Enfermedades no transmisibles";"2 - SUBSIDIADO"
"EPSS39";"Enfermedades no transmisibles";"1 - CONTRIBUTIVO"
"EPSS39";"Condiciones transmisibles y nutricionales";"2 - SUBSIDIADO"
"EPSS39";"Condiciones transmisibles y nutricionales";"1 - CONTRIBUTIVO"
"EPS039";"Signos y sintomas mal definidos";"2 - SUBSIDIADO"
"EPS039";"Signos y sintomas mal definidos";"1 - CONTRIBUTIVO"
"EPS039";"Lesiones";"2 - SUBSIDIADO"
"EPS039";"Lesiones";"1 - CONTRIBUTIVO"
"EPS039";"Enfermedades no transmisibles";"2 - SUBSIDIADO"
"EPS039";"Enfermedades no transmisibles";"1 - CONTRIBUTIVO"
"EPS039";"Condiciones transmisibles y nutricionales";"2 - SUBSIDIADO"
"EPS039";"Condiciones transmisibles y nutricionales";"1 - CONTRIBUTIVO"
"EPS046";"Signos y sintomas mal definidos";"2 - SUBSIDIADO"
"EPS046";"Signos y sintomas mal definidos";"1 - CONTRIBUTIVO"
"EPS046";"Lesiones";"2 - SUBSIDIADO"
"EPS046";"Lesiones";"1 - CONTRIBUTIVO"
"EPS046";"Enfermedades no transmisibles";"2 - SUBSIDIADO"
"EPS046";"Enfermedades no transmisibles";"1 - CONTRIBUTIVO"
"EPS046";"Condiciones transmisibles y nutricionales";"2 - SUBSIDIADO"
"EPS046";"Condiciones transmisibles y nutricionales";"1 - CONTRIBUTIVO"
"EPSS46";"Signos y sintomas mal definidos";"2 - SUBSIDIADO"
"EPSS46";"Signos y sintomas mal definidos";"1 - CONTRIBUTIVO"
"EPSS46";"Lesiones";"2 - SUBSIDIADO"
"EPSS46";"Lesiones";"1 - CONTRIBUTIVO"
"EPSS46";"Enfermedades no transmisibles";"2 - SUBSIDIADO"
"EPSS46";"Enfermedades no transmisibles";"1 - CONTRIBUTIVO"
"EPSS46";"Condiciones transmisibles y nutricionales";"2 - SUBSIDIADO"
"EPSS46";"Condiciones transmisibles y nutricionales";"1 - CONTRIBUTIVO"
"FMS001";"Signos y sintomas mal definidos";"2 - SUBSIDIADO"
"FMS001";"Signos y sintomas mal definidos";"1 - CONTRIBUTIVO"
"FMS001";"Lesiones";"2 - SUBSIDIADO"
"FMS001";"Lesiones";"1 - CONTRIBUTIVO"
"FMS001";"Enfermedades no transmisibles";"2 - SUBSIDIADO"
"FMS001";"Enfermedades no transmisibles";"1 - CONTRIBUTIVO"
"FMS001";"Condiciones transmisibles y nutricionales";"2 - SUBSIDIADO"
"FMS001";"Condiciones transmisibles y nutricionales";"1 - CONTRIBUTIVO"
"EAS027";"Signos y sintomas mal definidos";"2 - SUBSIDIADO"
"EAS027";"Signos y sintomas mal definidos";"1 - CONTRIBUTIVO"
"EAS027";"Lesiones";"2 - SUBSIDIADO"
"EAS027";"Lesiones";"1 - CONTRIBUTIVO"
"EAS027";"Enfermedades no transmisibles";"2 - SUBSIDIADO"
"EAS027";"Enfermedades no transmisibles";"1 - CONTRIBUTIVO"
"EAS027";"Condiciones transmisibles y nutricionales";"2 - SUBSIDIADO"
"EAS027";"Condiciones transmisibles y nutricionales";"1 - CONTRIBUTIVO"
"EPSS10";"Signos y sintomas mal definidos";"2 - SUBSIDIADO"
"EPSS10";"Signos y sintomas mal definidos";"1 - CONTRIBUTIVO"
"EPSS10";"Lesiones";"2 - SUBSIDIADO"
"EPSS10";"Lesiones";"1 - CONTRIBUTIVO"
"EPSS10";"Enfermedades no transmisibles";"2 - SUBSIDIADO"
"EPSS10";"Enfermedades no transmisibles";"1 - CONTRIBUTIVO"
"EPSS10";"Condiciones transmisibles y nutricionales";"2 - SUBSIDIADO"
"EPSS10";"Condiciones transmisibles y nutricionales";"1 - CONTRIBUTIVO"
"EPS010";"Signos y sintomas mal definidos";"2 - SUBSIDIADO"
"EPS010";"Signos y sintomas mal definidos";"1 - CONTRIBUTIVO"
"EPS010";"Lesiones";"2 - SUBSIDIADO"
"EPS010";"Lesiones";"1 - CONTRIBUTIVO"
"EPS010";"Enfermedades no transmisibles";"2 - SUBSIDIADO"
"EPS010";"Enfermedades no transmisibles";"1 - CONTRIBUTIVO"
"EPS010";"Condiciones transmisibles y nutricionales";"2 - SUBSIDIADO"
"EPS010";"Condiciones transmisibles y nutricionales";"1 - CONTRIBUTIVO"
"EPSS18";"Signos y sintomas mal definidos";"2 - SUBSIDIADO"
"EPSS18";"Signos y sintomas mal definidos";"1 - CONTRIBUTIVO"
"EPSS18";"Lesiones";"2 - SUBSIDIADO"
"EPSS18";"Lesiones";"1 - CONTRIBUTIVO"
"EPSS18";"Enfermedades no transmisibles";"2 - SUBSIDIADO"
"EPSS18";"Enfermedades no transmisibles";"1 - CONTRIBUTIVO"
"EPSS18";"Condiciones transmisibles y nutricionales";"2 - SUBSIDIADO"
"EPSS18";"Condiciones transmisibles y nutricionales";"1 - CONTRIBUTIVO"
"EPS018";"Signos y sintomas mal definidos";"2 - SUBSIDIADO"
"EPS018";"Signos y sintomas mal definidos";"1 - CONTRIBUTIVO"
"EPS018";"Lesiones";"2 - SUBSIDIADO"
"EPS018";"Lesiones";"1 - CONTRIBUTIVO"
"EPS018";"Enfermedades no transmisibles";"2 - SUBSIDIADO"
"EPS018";"Enfermedades no transmisibles";"1 - CONTRIBUTIVO"
"EPS018";"Condiciones transmisibles y nutricionales";"2 - SUBSIDIADO"
"EPS018";"Condiciones transmisibles y nutricionales";"1 - CONTRIBUTIVO"
"EPS009";"Signos y sintomas mal definidos";"2 - SUBSIDIADO"
"EPS009";"Signos y sintomas mal definidos";"1 - CONTRIBUTIVO"
"EPS009";"Lesiones";"2 - SUBSIDIADO"
"EPS009";"Lesiones";"1 - CONTRIBUTIVO"
"EPS009";"Enfermedades no transmisibles";"2 - SUBSIDIADO"
"EPS009";"Enfermedades no transmisibles";"1 - CONTRIBUTIVO"
"EPS009";"Condiciones transmisibles y nutricionales";"2 - SUBSIDIADO"
"EPS009";"Condiciones transmisibles y nutricionales";"1 - CONTRIBUTIVO"
"EPSS05";"Signos y sintomas mal definidos";"2 - SUBSIDIADO"
"EPSS05";"Signos y sintomas mal definidos";"1 - CONTRIBUTIVO"
"EPSS05";"Lesiones";"2 - SUBSIDIADO"
"EPSS05";"Lesiones";"1 - CONTRIBUTIVO"
"EPSS05";"Enfermedades no transmisibles";"2 - SUBSIDIADO"
"EPSS05";"Enfermedades no transmisibles";"1 - CONTRIBUTIVO"
"EPSS05";"Condiciones transmisibles y nutricionales";"2 - SUBSIDIADO"
"EPSS05";"Condiciones transmisibles y nutricionales";"1 - CONTRIBUTIVO"
"EPS005";"Signos y sintomas mal definidos";"2 - SUBSIDIADO"
"EPS005";"Signos y sintomas mal definidos";"1 - CONTRIBUTIVO"
"EPS005";"Lesiones";"2 - SUBSIDIADO"
"EPS005";"Lesiones";"1 - CONTRIBUTIVO"
"EPS005";"Enfermedades no transmisibles";"2 - SUBSIDIADO"
"EPS005";"Enfermedades no transmisibles";"1 - CONTRIBUTIVO"
"EPS005";"Condiciones transmisibles y nutricionales";"2 - SUBSIDIADO"
"EPS005";"Condiciones transmisibles y nutricionales";"1 - CONTRIBUTIVO"
"EPSS13";"Signos y sintomas mal definidos";"2 - SUBSIDIADO"
"EPSS13";"Signos y sintomas mal definidos";"1 - CONTRIBUTIVO"
"EPSS13";"Lesiones";"2 - SUBSIDIADO"
"EPSS13";"Lesiones";"1 - CONTRIBUTIVO"
"EPSS13";"Enfermedades no transmisibles";"2 - SUBSIDIADO"
"EPSS13";"Enfermedades no transmisibles";"1 - CONTRIBUTIVO"
"EPSS13";"Condiciones transmisibles y nutricionales";"2 - SUBSIDIADO"
"EPSS13";"Condiciones transmisibles y nutricionales";"1 - CONTRIBUTIVO"
"EPS013";"Signos y sintomas mal definidos";"2 - SUBSIDIADO"
"EPS013";"Signos y sintomas mal definidos";"1 - CONTRIBUTIVO"
"EPS013";"Lesiones";"2 - SUBSIDIADO"
"EPS013";"Lesiones";"1 - CONTRIBUTIVO"
"EPS013";"Enfermedades no transmisibles";"2 - SUBSIDIADO"
"EPS013";"Enfermedades no transmisibles";"1 - CONTRIBUTIVO"
"EPS013";"Condiciones transmisibles y nutricionales";"2 - SUBSIDIADO"
"EPS013";"Condiciones transmisibles y nutricionales";"1 - CONTRIBUTIVO"
"EPSS17";"Signos y sintomas mal definidos";"2 - SUBSIDIADO"
"EPSS17";"Signos y sintomas mal definidos";"1 - CONTRIBUTIVO"
"EPSS17";"Lesiones";"2 - SUBSIDIADO"
"EPSS17";"Lesiones";"1 - CONTRIBUTIVO"
"EPSS17";"Enfermedades no transmisibles";"2 - SUBSIDIADO"
"EPSS17";"Enfermedades no transmisibles";"1 - CONTRIBUTIVO"
"EPSS17";"Condiciones transmisibles y nutricionales";"2 - SUBSIDIADO"
"EPSS17";"Condiciones transmisibles y nutricionales";"1 - CONTRIBUTIVO"
"EPS017";"Signos y sintomas mal definidos";"2 - SUBSIDIADO"
"EPS017";"Signos y sintomas mal definidos";"1 - CONTRIBUTIVO"
"EPS017";"Lesiones";"2 - SUBSIDIADO"
"EPS017";"Lesiones";"1 - CONTRIBUTIVO"
"EPS017";"Enfermedades no transmisibles";"2 - SUBSIDIADO"
"EPS017";"Enfermedades no transmisibles";"1 - CONTRIBUTIVO"
"EPS017";"Condiciones transmisibles y nutricionales";"2 - SUBSIDIADO"
"EPS017";"Condiciones transmisibles y nutricionales";"1 - CONTRIBUTIVO"
"EPSC22";"Signos y sintomas mal definidos";"2 - SUBSIDIADO"
"EPSC22";"Signos y sintomas mal definidos";"1 - CONTRIBUTIVO"
"EPSC22";"Lesiones";"2 - SUBSIDIADO"
"EPSC22";"Lesiones";"1 - CONTRIBUTIVO"
"EPSC22";"Enfermedades no transmisibles";"2 - SUBSIDIADO"
"EPSC22";"Enfermedades no transmisibles";"1 - CONTRIBUTIVO"
"EPSC22";"Condiciones transmisibles y nutricionales";"2 - SUBSIDIADO"
"EPSC22";"Condiciones transmisibles y nutricionales";"1 - CONTRIBUTIVO"
"EPS022";"Signos y sintomas mal definidos";"2 - SUBSIDIADO"
"EPS022";"Signos y sintomas mal definidos";"1 - CONTRIBUTIVO"
"EPS022";"Lesiones";"2 - SUBSIDIADO"
"EPS022";"Lesiones";"1 - CONTRIBUTIVO"
"EPS022";"Enfermedades no transmisibles";"2 - SUBSIDIADO"
"EPS022";"Enfermedades no transmisibles";"1 - CONTRIBUTIVO"
"EPS022";"Condiciones transmisibles y nutricionales";"2 - SUBSIDIADO"
"EPS022";"Condiciones transmisibles y nutricionales";"1 - CONTRIBUTIVO"
"EPS030";"Signos y sintomas mal definidos";"2 - SUBSIDIADO"
"EPS030";"Signos y sintomas mal definidos";"1 - CONTRIBUTIVO"
"EPS030";"Lesiones";"2 - SUBSIDIADO"
"EPS030";"Lesiones";"1 - CONTRIBUTIVO"
"EPS030";"Enfermedades no transmisibles";"2 - SUBSIDIADO"
"EPS030";"Enfermedades no transmisibles";"1 - CONTRIBUTIVO"
"EPS030";"Condiciones transmisibles y nutricionales";"2 - SUBSIDIADO"
"EPS030";"Condiciones transmisibles y nutricionales";"1 - CONTRIBUTIVO"
"ESSC91";"Signos y sintomas mal definidos";"2 - SUBSIDIADO"
"ESSC91";"Signos y sintomas mal definidos";"1 - CONTRIBUTIVO"
"ESSC91";"Lesiones";"2 - SUBSIDIADO"
"ESSC91";"Lesiones";"1 - CONTRIBUTIVO"
"ESSC91";"Enfermedades no transmisibles";"2 - SUBSIDIADO"
"ESSC91";"Enfermedades no transmisibles";"1 - CONTRIBUTIVO"
"ESSC91";"Condiciones transmisibles y nutricionales";"2 - SUBSIDIADO"
"ESSC91";"Condiciones transmisibles y nutricionales";"1 - CONTRIBUTIVO"
"ESS091";"Signos y sintomas mal definidos";"2 - SUBSIDIADO"
"ESS091";"Signos y sintomas mal definidos";"1 - CONTRIBUTIVO"
"ESS091";"Lesiones";"2 - SUBSIDIADO"
"ESS091";"Lesiones";"1 - CONTRIBUTIVO"
"ESS091";"Enfermedades no transmisibles";"2 - SUBSIDIADO"
"ESS091";"Enfermedades no transmisibles";"1 - CONTRIBUTIVO"
"ESS091";"Condiciones transmisibles y nutricionales";"2 - SUBSIDIADO"
"ESS091";"Condiciones transmisibles y nutricionales";"1 - CONTRIBUTIVO"
"EAS016";"Signos y sintomas mal definidos";"2 - SUBSIDIADO"
"EAS016";"Signos y sintomas mal definidos";"1 - CONTRIBUTIVO"
"EAS016";"Lesiones";"2 - SUBSIDIADO"
"EAS016";"Lesiones";"1 - CONTRIBUTIVO"
"EAS016";"Enfermedades no transmisibles";"2 - SUBSIDIADO"
"EAS016";"Enfermedades no transmisibles";"1 - CONTRIBUTIVO"
"EAS016";"Condiciones transmisibles y nutricionales";"2 - SUBSIDIADO"
"EAS016";"Condiciones transmisibles y nutricionales";"1 - CONTRIBUTIVO"
"ESSC02";"Signos y sintomas mal definidos";"2 - SUBSIDIADO"
"ESSC02";"Signos y sintomas mal definidos";"1 - CONTRIBUTIVO"
"ESSC02";"Lesiones";"2 - SUBSIDIADO"
"ESSC02";"Lesiones";"1 - CONTRIBUTIVO"
"ESSC02";"Enfermedades no transmisibles";"2 - SUBSIDIADO"
"ESSC02";"Enfermedades no transmisibles";"1 - CONTRIBUTIVO"
"ESSC02";"Condiciones transmisibles y nutricionales";"2 - SUBSIDIADO"
"ESSC02";"Condiciones transmisibles y nutricionales";"1 - CONTRIBUTIVO"
"ESS002";"Signos y sintomas mal definidos";"2 - SUBSIDIADO"
"ESS002";"Signos y sintomas mal definidos";"1 - CONTRIBUTIVO"
"ESS002";"Lesiones";"2 - SUBSIDIADO"
"ESS002";"Lesiones";"1 - CONTRIBUTIVO"
"ESS002";"Enfermedades no transmisibles";"2 - SUBSIDIADO"
"ESS002";"Enfermedades no transmisibles";"1 - CONTRIBUTIVO"
"ESS002";"Condiciones transmisibles y nutricionales";"2 - SUBSIDIADO"
"ESS002";"Condiciones transmisibles y nutricionales";"1 - CONTRIBUTIVO"
"RES002";"Signos y sintomas mal definidos";"2 - SUBSIDIADO"
"RES002";"Signos y sintomas mal definidos";"1 - CONTRIBUTIVO"
"RES002";"Lesiones";"2 - SUBSIDIADO"
"RES002";"Lesiones";"1 - CONTRIBUTIVO"
"RES002";"Enfermedades no transmisibles";"2 - SUBSIDIADO"
"RES002";"Enfermedades no transmisibles";"1 - CONTRIBUTIVO"
"RES002";"Condiciones transmisibles y nutricionales";"2 - SUBSIDIADO"
"RES002";"Condiciones transmisibles y nutricionales";"1 - CONTRIBUTIVO"
"EPSS23";"Signos y sintomas mal definidos";"2 - SUBSIDIADO"
"EPSS23";"Signos y sintomas mal definidos";"1 - CONTRIBUTIVO"
"EPSS23";"Lesiones";"2 - SUBSIDIADO"
"EPSS23";"Lesiones";"1 - CONTRIBUTIVO"
"EPSS23";"Enfermedades no transmisibles";"2 - SUBSIDIADO"
"EPSS23";"Enfermedades no transmisibles";"1 - CONTRIBUTIVO"
"EPSS23";"Condiciones transmisibles y nutricionales";"2 - SUBSIDIADO"
"EPSS23";"Condiciones transmisibles y nutricionales";"1 - CONTRIBUTIVO"
"EPS023";"Signos y sintomas mal definidos";"2 - SUBSIDIADO"
"EPS023";"Signos y sintomas mal definidos";"1 - CONTRIBUTIVO"
"EPS023";"Lesiones";"2 - SUBSIDIADO"
"EPS023";"Lesiones";"1 - CONTRIBUTIVO"
"EPS023";"Enfermedades no transmisibles";"2 - SUBSIDIADO"
"EPS023";"Enfermedades no transmisibles";"1 - CONTRIBUTIVO"
"EPS023";"Condiciones transmisibles y nutricionales";"2 - SUBSIDIADO"
"EPS023";"Condiciones transmisibles y nutricionales";"1 - CONTRIBUTIVO"
"ESSC24";"Signos y sintomas mal definidos";"2 - SUBSIDIADO"
"ESSC24";"Signos y sintomas mal definidos";"1 - CONTRIBUTIVO"
"ESSC24";"Lesiones";"2 - SUBSIDIADO"
"ESSC24";"Lesiones";"1 - CONTRIBUTIVO"
"ESSC24";"Enfermedades no transmisibles";"2 - SUBSIDIADO"
"ESSC24";"Enfermedades no transmisibles";"1 - CONTRIBUTIVO"
"ESSC24";"Condiciones transmisibles y nutricionales";"2 - SUBSIDIADO"
"ESSC24";"Condiciones transmisibles y nutricionales";"1 - CONTRIBUTIVO"
"ESS024";"Signos y sintomas mal definidos";"2 - SUBSIDIADO"
"ESS024";"Signos y sintomas mal definidos";"1 - CONTRIBUTIVO"
"ESS024";"Lesiones";"2 - SUBSIDIADO"
"ESS024";"Lesiones";"1 - CONTRIBUTIVO"
"ESS024";"Enfermedades no transmisibles";"2 - SUBSIDIADO"
"ESS024";"Enfermedades no transmisibles";"1 - CONTRIBUTIVO"
"ESS024";"Condiciones transmisibles y nutricionales";"2 - SUBSIDIADO"
"ESS024";"Condiciones transmisibles y nutricionales";"1 - CONTRIBUTIVO"
"EPSS42";"Signos y sintomas mal definidos";"2 - SUBSIDIADO"
"EPSS42";"Signos y sintomas mal definidos";"1 - CONTRIBUTIVO"
"EPSS42";"Lesiones";"2 - SUBSIDIADO"
"EPSS42";"Lesiones";"1 - CONTRIBUTIVO"
"EPSS42";"Enfermedades no transmisibles";"2 - SUBSIDIADO"
"EPSS42";"Enfermedades no transmisibles";"1 - CONTRIBUTIVO"
"EPSS42";"Condiciones transmisibles y nutricionales";"2 - SUBSIDIADO"
"EPSS42";"Condiciones transmisibles y nutricionales";"1 - CONTRIBUTIVO"
"EPS042";"Signos y sintomas mal definidos";"2 - SUBSIDIADO"
"EPS042";"Signos y sintomas mal definidos";"1 - CONTRIBUTIVO"
"EPS042";"Lesiones";"2 - SUBSIDIADO"
"EPS042";"Lesiones";"1 - CONTRIBUTIVO"
"EPS042";"Enfermedades no transmisibles";"2 - SUBSIDIADO"
"EPS042";"Enfermedades no transmisibles";"1 - CONTRIBUTIVO"
"EPS042";"Condiciones transmisibles y nutricionales";"2 - SUBSIDIADO"
"EPS042";"Condiciones transmisibles y nutricionales";"1 - CONTRIBUTIVO"
"ESSC33";"Signos y sintomas mal definidos";"2 - SUBSIDIADO"
"ESSC33";"Signos y sintomas mal definidos";"1 - CONTRIBUTIVO"
"ESSC33";"Lesiones";"2 - SUBSIDIADO"
"ESSC33";"Lesiones";"1 - CONTRIBUTIVO"
"ESSC33";"Enfermedades no transmisibles";"2 - SUBSIDIADO"
"ESSC33";"Enfermedades no transmisibles";"1 - CONTRIBUTIVO"
"ESSC33";"Condiciones transmisibles y nutricionales";"2 - SUBSIDIADO"
"ESSC33";"Condiciones transmisibles y nutricionales";"1 - CONTRIBUTIVO"
"ESS133";"Signos y sintomas mal definidos";"2 - SUBSIDIADO"
"ESS133";"Signos y sintomas mal definidos";"1 - CONTRIBUTIVO"
"ESS133";"Lesiones";"2 - SUBSIDIADO"
"ESS133";"Lesiones";"1 - CONTRIBUTIVO"
"ESS133";"Enfermedades no transmisibles";"2 - SUBSIDIADO"
"ESS133";"Enfermedades no transmisibles";"1 - CONTRIBUTIVO"
"ESS133";"Condiciones transmisibles y nutricionales";"2 - SUBSIDIADO"
"ESS133";"Condiciones transmisibles y nutricionales";"1 - CONTRIBUTIVO"
"EPSS16";"Signos y sintomas mal definidos";"2 - SUBSIDIADO"
"EPSS16";"Signos y sintomas mal definidos";"1 - CONTRIBUTIVO"
"EPSS16";"Lesiones";"2 - SUBSIDIADO"
"EPSS16";"Lesiones";"1 - CONTRIBUTIVO"
"EPSS16";"Enfermedades no transmisibles";"2 - SUBSIDIADO"
"EPSS16";"Enfermedades no transmisibles";"1 - CONTRIBUTIVO"
"EPSS16";"Condiciones transmisibles y nutricionales";"2 - SUBSIDIADO"
"EPSS16";"Condiciones transmisibles y nutricionales";"1 - CONTRIBUTIVO"
"EPS016";"Signos y sintomas mal definidos";"2 - SUBSIDIADO"
"EPS016";"Signos y sintomas mal definidos";"1 - CONTRIBUTIVO"
"EPS016";"Lesiones";"2 - SUBSIDIADO"
"EPS016";"Lesiones";"1 - CONTRIBUTIVO"
"EPS016";"Enfermedades no transmisibles";"2 - SUBSIDIADO"
"EPS016";"Enfermedades no transmisibles";"1 - CONTRIBUTIVO"
"EPS016";"Condiciones transmisibles y nutricionales";"2 - SUBSIDIADO"
"EPS016";"Condiciones transmisibles y nutricionales";"1 - CONTRIBUTIVO"
"UT-003";"Signos y sintomas mal definidos";"2 - SUBSIDIADO"
"UT-003";"Signos y sintomas mal definidos";"1 - CONTRIBUTIVO"
"UT-003";"Lesiones";"2 - SUBSIDIADO"
"UT-003";"Lesiones";"1 - CONTRIBUTIVO"
"UT-003";"Enfermedades no transmisibles";"2 - SUBSIDIADO"
"UT-003";"Enfermedades no transmisibles";"1 - CONTRIBUTIVO"
"UT-003";"Condiciones transmisibles y nutricionales";"2 - SUBSIDIADO"
"UT-003";"Condiciones transmisibles y nutricionales";"1 - CONTRIBUTIVO"
"UT-004";"Signos y sintomas mal definidos";"2 - SUBSIDIADO"
"UT-004";"Signos y sintomas mal definidos";"1 - CONTRIBUTIVO"
"UT-004";"Lesiones";"2 - SUBSIDIADO"
"UT-004";"Lesiones";"1 - CONTRIBUTIVO"
"UT-004";"Enfermedades no transmisibles";"2 - SUBSIDIADO"
"UT-004";"Enfermedades no transmisibles";"1 - CONTRIBUTIVO"
"UT-004";"Condiciones transmisibles y nutricionales";"2 - SUBSIDIADO"
"UT-004";"Condiciones transmisibles y nutricionales";"1 - CONTRIBUTIVO"
"EPSS08";"Signos y sintomas mal definidos";"2 - SUBSIDIADO"
"EPSS08";"Signos y sintomas mal definidos";"1 - CONTRIBUTIVO"
"EPSS08";"Lesiones";"2 - SUBSIDIADO"
"EPSS08";"Lesiones";"1 - CONTRIBUTIVO"
"EPSS08";"Enfermedades no transmisibles";"2 - SUBSIDIADO"
"EPSS08";"Enfermedades no transmisibles";"1 - CONTRIBUTIVO"
"EPSS08";"Condiciones transmisibles y nutricionales";"2 - SUBSIDIADO"
"EPSS08";"Condiciones transmisibles y nutricionales";"1 - CONTRIBUTIVO"
"EPS008";"Signos y sintomas mal definidos";"2 - SUBSIDIADO"
"EPS008";"Signos y sintomas mal definidos";"1 - CONTRIBUTIVO"
"EPS008";"Lesiones";"2 - SUBSIDIADO"
"EPS008";"Lesiones";"1 - CONTRIBUTIVO"
"EPS008";"Enfermedades no transmisibles";"2 - SUBSIDIADO"
"EPS008";"Enfermedades no transmisibles";"1 - CONTRIBUTIVO"
"EPS008";"Condiciones transmisibles y nutricionales";"2 - SUBSIDIADO"
"EPS008";"Condiciones transmisibles y nutricionales";"1 - CONTRIBUTIVO"
"EPSS12";"Signos y sintomas mal definidos";"2 - SUBSIDIADO"
"EPSS12";"Signos y sintomas mal definidos";"1 - CONTRIBUTIVO"
"EPSS12";"Lesiones";"2 - SUBSIDIADO"
"EPSS12";"Lesiones";"1 - CONTRIBUTIVO"
"EPSS12";"Enfermedades no transmisibles";"2 - SUBSIDIADO"
"EPSS12";"Enfermedades no transmisibles";"1 - CONTRIBUTIVO"
"EPSS12";"Condiciones transmisibles y nutricionales";"2 - SUBSIDIADO"
"EPSS12";"Condiciones transmisibles y nutricionales";"1 - CONTRIBUTIVO"
"EPS012";"Signos y sintomas mal definidos";"2 - SUBSIDIADO"
"EPS012";"Signos y sintomas mal definidos";"1 - CONTRIBUTIVO"
"EPS012";"Lesiones";"2 - SUBSIDIADO"
"EPS012";"Lesiones";"1 - CONTRIBUTIVO"
"EPS012";"Enfermedades no transmisibles";"2 - SUBSIDIADO"
"EPS012";"Enfermedades no transmisibles";"1 - CONTRIBUTIVO"
"EPS012";"Condiciones transmisibles y nutricionales";"2 - SUBSIDIADO"
"EPS012";"Condiciones transmisibles y nutricionales";"1 - CONTRIBUTIVO"
"UT-002";"Signos y sintomas mal definidos";"2 - SUBSIDIADO"
"UT-002";"Signos y sintomas mal definidos";"1 - CONTRIBUTIVO"
"UT-002";"Lesiones";"2 - SUBSIDIADO"
"UT-002";"Lesiones";"1 - CONTRIBUTIVO"
"UT-002";"Enfermedades no transmisibles";"2 - SUBSIDIADO"
"UT-002";"Enfermedades no transmisibles";"1 - CONTRIBUTIVO"
"UT-002";"Condiciones transmisibles y nutricionales";"2 - SUBSIDIADO"
"UT-002";"Condiciones transmisibles y nutricionales";"1 - CONTRIBUTIVO"
"CCF029";"Signos y sintomas mal definidos";"2 - SUBSIDIADO"
"CCF029";"Signos y sintomas mal definidos";"1 - CONTRIBUTIVO"
"CCF029";"Lesiones";"2 - SUBSIDIADO"
"CCF029";"Lesiones";"1 - CONTRIBUTIVO"
"CCF029";"Enfermedades no transmisibles";"2 - SUBSIDIADO"
"CCF029";"Enfermedades no transmisibles";"1 - CONTRIBUTIVO"
"CCF029";"Condiciones transmisibles y nutricionales";"2 - SUBSIDIADO"
"CCF029";"Condiciones transmisibles y nutricionales";"1 - CONTRIBUTIVO"
"CCF040";"Signos y sintomas mal definidos";"2 - SUBSIDIADO"
"CCF040";"Signos y sintomas mal definidos";"1 - CONTRIBUTIVO"
"CCF040";"Lesiones";"2 - SUBSIDIADO"
"CCF040";"Lesiones";"1 - CONTRIBUTIVO"
"CCF040";"Enfermedades no transmisibles";"2 - SUBSIDIADO"
"CCF040";"Enfermedades no transmisibles";"1 - CONTRIBUTIVO"
"CCF040";"Condiciones transmisibles y nutricionales";"2 - SUBSIDIADO"
"CCF040";"Condiciones transmisibles y nutricionales";"1 - CONTRIBUTIVO"
"CCFC10";"Signos y sintomas mal definidos";"2 - SUBSIDIADO"
"CCFC10";"Signos y sintomas mal definidos";"1 - CONTRIBUTIVO"
"CCFC10";"Lesiones";"2 - SUBSIDIADO"
"CCFC10";"Lesiones";"1 - CONTRIBUTIVO"
"CCFC10";"Enfermedades no transmisibles";"2 - SUBSIDIADO"
"CCFC10";"Enfermedades no transmisibles";"1 - CONTRIBUTIVO"
"CCFC10";"Condiciones transmisibles y nutricionales";"2 - SUBSIDIADO"
"CCFC10";"Condiciones transmisibles y nutricionales";"1 - CONTRIBUTIVO"
"CCF010";"Signos y sintomas mal definidos";"2 - SUBSIDIADO"
"CCF010";"Signos y sintomas mal definidos";"1 - CONTRIBUTIVO"
"CCF010";"Lesiones";"2 - SUBSIDIADO"
"CCF010";"Lesiones";"1 - CONTRIBUTIVO"
"CCF010";"Enfermedades no transmisibles";"2 - SUBSIDIADO"
"CCF010";"Enfermedades no transmisibles";"1 - CONTRIBUTIVO"
"CCF010";"Condiciones transmisibles y nutricionales";"2 - SUBSIDIADO"
"CCF010";"Condiciones transmisibles y nutricionales";"1 - CONTRIBUTIVO"
"EPSC25";"Signos y sintomas mal definidos";"2 - SUBSIDIADO"
"EPSC25";"Signos y sintomas mal definidos";"1 - CONTRIBUTIVO"
"EPSC25";"Lesiones";"2 - SUBSIDIADO"
"EPSC25";"Lesiones";"1 - CONTRIBUTIVO"
"EPSC25";"Enfermedades no transmisibles";"2 - SUBSIDIADO"
"EPSC25";"Enfermedades no transmisibles";"1 - CONTRIBUTIVO"
"EPSC25";"Condiciones transmisibles y nutricionales";"2 - SUBSIDIADO"
"EPSC25";"Condiciones transmisibles y nutricionales";"1 - CONTRIBUTIVO"
"EPS025";"Signos y sintomas mal definidos";"2 - SUBSIDIADO"
"EPS025";"Signos y sintomas mal definidos";"1 - CONTRIBUTIVO"
"EPS025";"Lesiones";"2 - SUBSIDIADO"
"EPS025";"Lesiones";"1 - CONTRIBUTIVO"
"EPS025";"Enfermedades no transmisibles";"2 - SUBSIDIADO"
"EPS025";"Enfermedades no transmisibles";"1 - CONTRIBUTIVO"
"EPS025";"Condiciones transmisibles y nutricionales";"2 - SUBSIDIADO"
"EPS025";"Condiciones transmisibles y nutricionales";"1 - CONTRIBUTIVO"
"EPSC20";"Signos y sintomas mal definidos";"2 - SUBSIDIADO"
"EPSC20";"Signos y sintomas mal definidos";"1 - CONTRIBUTIVO"
"EPSC20";"Lesiones";"2 - SUBSIDIADO"
"EPSC20";"Lesiones";"1 - CONTRIBUTIVO"
"EPSC20";"Enfermedades no transmisibles";"2 - SUBSIDIADO"
"EPSC20";"Enfermedades no transmisibles";"1 - CONTRIBUTIVO"
"EPSC20";"Condiciones transmisibles y nutricionales";"2 - SUBSIDIADO"
"EPSC20";"Condiciones transmisibles y nutricionales";"1 - CONTRIBUTIVO"
"EPS020";"Signos y sintomas mal definidos";"2 - SUBSIDIADO"
"EPS020";"Signos y sintomas mal definidos";"1 - CONTRIBUTIVO"
"EPS020";"Lesiones";"2 - SUBSIDIADO"
"EPS020";"Lesiones";"1 - CONTRIBUTIVO"
"EPS020";"Enfermedades no transmisibles";"2 - SUBSIDIADO"
"EPS020";"Enfermedades no transmisibles";"1 - CONTRIBUTIVO"
"EPS020";"Condiciones transmisibles y nutricionales";"2 - SUBSIDIADO"
"EPS020";"Condiciones transmisibles y nutricionales";"1 - CONTRIBUTIVO"
"EPSC34";"Signos y sintomas mal definidos";"2 - SUBSIDIADO"
"EPSC34";"Signos y sintomas mal definidos";"1 - CONTRIBUTIVO"
"EPSC34";"Lesiones";"2 - SUBSIDIADO"
"EPSC34";"Lesiones";"1 - CONTRIBUTIVO"
"EPSC34";"Enfermedades no transmisibles";"2 - SUBSIDIADO"
"EPSC34";"Enfermedades no transmisibles";"1 - CONTRIBUTIVO"
"EPSC34";"Condiciones transmisibles y nutricionales";"2 - SUBSIDIADO"
"EPSC34";"Condiciones transmisibles y nutricionales";"1 - CONTRIBUTIVO"
"EPSS34";"Signos y sintomas mal definidos";"2 - SUBSIDIADO"
"EPSS34";"Signos y sintomas mal definidos";"1 - CONTRIBUTIVO"
"EPSS34";"Lesiones";"2 - SUBSIDIADO"
"EPSS34";"Lesiones";"1 - CONTRIBUTIVO"
"EPSS34";"Enfermedades no transmisibles";"2 - SUBSIDIADO"
"EPSS34";"Enfermedades no transmisibles";"1 - CONTRIBUTIVO"
"EPSS34";"Condiciones transmisibles y nutricionales";"2 - SUBSIDIADO"
"EPSS34";"Condiciones transmisibles y nutricionales";"1 - CONTRIBUTIVO"
"EPS028";"Signos y sintomas mal definidos";"2 - SUBSIDIADO"
"EPS028";"Signos y sintomas mal definidos";"1 - CONTRIBUTIVO"
"EPS028";"Lesiones";"2 - SUBSIDIADO"
"EPS028";"Lesiones";"1 - CONTRIBUTIVO"
"EPS028";"Enfermedades no transmisibles";"2 - SUBSIDIADO"
"EPS028";"Enfermedades no transmisibles";"1 - CONTRIBUTIVO"
"EPS028";"Condiciones transmisibles y nutricionales";"2 - SUBSIDIADO"
"EPS028";"Condiciones transmisibles y nutricionales";"1 - CONTRIBUTIVO"
"UT-001";"Signos y sintomas mal definidos";"2 - SUBSIDIADO"
"UT-001";"Signos y sintomas mal definidos";"1 - CONTRIBUTIVO"
"UT-001";"Lesiones";"2 - SUBSIDIADO"
"UT-001";"Lesiones";"1 - CONTRIBUTIVO"
"UT-001";"Enfermedades no transmisibles";"2 - SUBSIDIADO"
"UT-001";"Enfermedades no transmisibles";"1 - CONTRIBUTIVO"
"UT-001";"Condiciones transmisibles y nutricionales";"2 - SUBSIDIADO"
"UT-001";"Condiciones transmisibles y nutricionales";"1 - CONTRIBUTIVO"
"CCF031";"Signos y sintomas mal definidos";"2 - SUBSIDIADO"
"CCF031";"Signos y sintomas mal definidos";"1 - CONTRIBUTIVO"
"CCF031";"Lesiones";"2 - SUBSIDIADO"
"CCF031";"Lesiones";"1 - CONTRIBUTIVO"
"CCF031";"Enfermedades no transmisibles";"2 - SUBSIDIADO"
"CCF031";"Enfermedades no transmisibles";"1 - CONTRIBUTIVO"
"CCF031";"Condiciones transmisibles y nutricionales";"2 - SUBSIDIADO"
"CCF031";"Condiciones transmisibles y nutricionales";"1 - CONTRIBUTIVO"
"CCFC55";"Signos y sintomas mal definidos";"2 - SUBSIDIADO"
"CCFC55";"Signos y sintomas mal definidos";"1 - CONTRIBUTIVO"
"CCFC55";"Lesiones";"2 - SUBSIDIADO"
"CCFC55";"Lesiones";"1 - CONTRIBUTIVO"
"CCFC55";"Enfermedades no transmisibles";"2 - SUBSIDIADO"
"CCFC55";"Enfermedades no transmisibles";"1 - CONTRIBUTIVO"
"CCFC55";"Condiciones transmisibles y nutricionales";"2 - SUBSIDIADO"
"CCFC55";"Condiciones transmisibles y nutricionales";"1 - CONTRIBUTIVO"
"CCF055";"Signos y sintomas mal definidos";"2 - SUBSIDIADO"
"CCF055";"Signos y sintomas mal definidos";"1 - CONTRIBUTIVO"
"CCF055";"Lesiones";"2 - SUBSIDIADO"
"CCF055";"Lesiones";"1 - CONTRIBUTIVO"
"CCF055";"Enfermedades no transmisibles";"2 - SUBSIDIADO"
"CCF055";"Enfermedades no transmisibles";"1 - CONTRIBUTIVO"
"CCF055";"Condiciones transmisibles y nutricionales";"2 - SUBSIDIADO"
"CCF055";"Condiciones transmisibles y nutricionales";"1 - CONTRIBUTIVO"
"CCF045";"Signos y sintomas mal definidos";"2 - SUBSIDIADO"
"CCF045";"Signos y sintomas mal definidos";"1 - CONTRIBUTIVO"
"CCF045";"Lesiones";"2 - SUBSIDIADO"
"CCF045";"Lesiones";"1 - CONTRIBUTIVO"
"CCF045";"Enfermedades no transmisibles";"2 - SUBSIDIADO"
"CCF045";"Enfermedades no transmisibles";"1 - CONTRIBUTIVO"
"CCF045";"Condiciones transmisibles y nutricionales";"2 - SUBSIDIADO"
"CCF045";"Condiciones transmisibles y nutricionales";"1 - CONTRIBUTIVO"
"CCFC24";"Signos y sintomas mal definidos";"2 - SUBSIDIADO"
"CCFC24";"Signos y sintomas mal definidos";"1 - CONTRIBUTIVO"
"CCFC24";"Lesiones";"2 - SUBSIDIADO"
"CCFC24";"Lesiones";"1 - CONTRIBUTIVO"
"CCFC24";"Enfermedades no transmisibles";"2 - SUBSIDIADO"
"CCFC24";"Enfermedades no transmisibles";"1 - CONTRIBUTIVO"
"CCFC24";"Condiciones transmisibles y nutricionales";"2 - SUBSIDIADO"
"CCFC24";"Condiciones transmisibles y nutricionales";"1 - CONTRIBUTIVO"
"CCF024";"Signos y sintomas mal definidos";"2 - SUBSIDIADO"
"CCF024";"Signos y sintomas mal definidos";"1 - CONTRIBUTIVO"
"CCF024";"Lesiones";"2 - SUBSIDIADO"
"CCF024";"Lesiones";"1 - CONTRIBUTIVO"
"CCF024";"Enfermedades no transmisibles";"2 - SUBSIDIADO"
"CCF024";"Enfermedades no transmisibles";"1 - CONTRIBUTIVO"
"CCF024";"Condiciones transmisibles y nutricionales";"2 - SUBSIDIADO"
"CCF024";"Condiciones transmisibles y nutricionales";"1 - CONTRIBUTIVO"
"CCFC20";"Signos y sintomas mal definidos";"2 - SUBSIDIADO"
"CCFC20";"Signos y sintomas mal definidos";"1 - CONTRIBUTIVO"
"CCFC20";"Lesiones";"2 - SUBSIDIADO"
"CCFC20";"Lesiones";"1 - CONTRIBUTIVO"
"CCFC20";"Enfermedades no transmisibles";"2 - SUBSIDIADO"
"CCFC20";"Enfermedades no transmisibles";"1 - CONTRIBUTIVO"
"CCFC20";"Condiciones transmisibles y nutricionales";"2 - SUBSIDIADO"
"CCFC20";"Condiciones transmisibles y nutricionales";"1 - CONTRIBUTIVO"
"CCF102";"Signos y sintomas mal definidos";"2 - SUBSIDIADO"
"CCF102";"Signos y sintomas mal definidos";"1 - CONTRIBUTIVO"
"CCF102";"Lesiones";"2 - SUBSIDIADO"
"CCF102";"Lesiones";"1 - CONTRIBUTIVO"
"CCF102";"Enfermedades no transmisibles";"2 - SUBSIDIADO"
"CCF102";"Enfermedades no transmisibles";"1 - CONTRIBUTIVO"
"CCF102";"Condiciones transmisibles y nutricionales";"2 - SUBSIDIADO"
"CCF102";"Condiciones transmisibles y nutricionales";"1 - CONTRIBUTIVO"
"CCF103";"Signos y sintomas mal definidos";"2 - SUBSIDIADO"
"CCF103";"Signos y sintomas mal definidos";"1 - CONTRIBUTIVO"
"CCF103";"Lesiones";"2 - SUBSIDIADO"
"CCF103";"Lesiones";"1 - CONTRIBUTIVO"
"CCF103";"Enfermedades no transmisibles";"2 - SUBSIDIADO"
"CCF103";"Enfermedades no transmisibles";"1 - CONTRIBUTIVO"
"CCF103";"Condiciones transmisibles y nutricionales";"2 - SUBSIDIADO"
"CCF103";"Condiciones transmisibles y nutricionales";"1 - CONTRIBUTIVO"
"CCFC33";"Signos y sintomas mal definidos";"2 - SUBSIDIADO"
"CCFC33";"Signos y sintomas mal definidos";"1 - CONTRIBUTIVO"
"CCFC33";"Lesiones";"2 - SUBSIDIADO"
"CCFC33";"Lesiones";"1 - CONTRIBUTIVO"
"CCFC33";"Enfermedades no transmisibles";"2 - SUBSIDIADO"
"CCFC33";"Enfermedades no transmisibles";"1 - CONTRIBUTIVO"
"CCFC33";"Condiciones transmisibles y nutricionales";"2 - SUBSIDIADO"
"CCFC33";"Condiciones transmisibles y nutricionales";"1 - CONTRIBUTIVO"
"CCF033";"Signos y sintomas mal definidos";"2 - SUBSIDIADO"
"CCF033";"Signos y sintomas mal definidos";"1 - CONTRIBUTIVO"
"CCF033";"Lesiones";"2 - SUBSIDIADO"
"CCF033";"Lesiones";"1 - CONTRIBUTIVO"
"CCF033";"Enfermedades no transmisibles";"2 - SUBSIDIADO"
"CCF033";"Enfermedades no transmisibles";"1 - CONTRIBUTIVO"
"CCF033";"Condiciones transmisibles y nutricionales";"2 - SUBSIDIADO"
"CCF033";"Condiciones transmisibles y nutricionales";"1 - CONTRIBUTIVO"
"CCFC27";"Signos y sintomas mal definidos";"2 - SUBSIDIADO"
"CCFC27";"Signos y sintomas mal definidos";"1 - CONTRIBUTIVO"
"CCFC27";"Lesiones";"2 - SUBSIDIADO"
"CCFC27";"Lesiones";"1 - CONTRIBUTIVO"
"CCFC27";"Enfermedades no transmisibles";"2 - SUBSIDIADO"
"CCFC27";"Enfermedades no transmisibles";"1 - CONTRIBUTIVO"
"CCFC27";"Condiciones transmisibles y nutricionales";"2 - SUBSIDIADO"
"CCFC27";"Condiciones transmisibles y nutricionales";"1 - CONTRIBUTIVO"
"CCF027";"Signos y sintomas mal definidos";"2 - SUBSIDIADO"
"CCF027";"Signos y sintomas mal definidos";"1 - CONTRIBUTIVO"
"CCF027";"Lesiones";"2 - SUBSIDIADO"
"CCF027";"Lesiones";"1 - CONTRIBUTIVO"
"CCF027";"Enfermedades no transmisibles";"2 - SUBSIDIADO"
"CCF027";"Enfermedades no transmisibles";"1 - CONTRIBUTIVO"
"CCF027";"Condiciones transmisibles y nutricionales";"2 - SUBSIDIADO"
"CCF027";"Condiciones transmisibles y nutricionales";"1 - CONTRIBUTIVO"
"CCFC23";"Signos y sintomas mal definidos";"2 - SUBSIDIADO"
"CCFC23";"Signos y sintomas mal definidos";"1 - CONTRIBUTIVO"
"CCFC23";"Lesiones";"2 - SUBSIDIADO"
"CCFC23";"Lesiones";"1 - CONTRIBUTIVO"
"CCFC23";"Enfermedades no transmisibles";"2 - SUBSIDIADO"
"CCFC23";"Enfermedades no transmisibles";"1 - CONTRIBUTIVO"
"CCFC23";"Condiciones transmisibles y nutricionales";"2 - SUBSIDIADO"
"CCFC23";"Condiciones transmisibles y nutricionales";"1 - CONTRIBUTIVO"
"CCF023";"Signos y sintomas mal definidos";"2 - SUBSIDIADO"
"CCF023";"Signos y sintomas mal definidos";"1 - CONTRIBUTIVO"
"CCF023";"Lesiones";"2 - SUBSIDIADO"
"CCF023";"Lesiones";"1 - CONTRIBUTIVO"
"CCF023";"Enfermedades no transmisibles";"2 - SUBSIDIADO"
"CCF023";"Enfermedades no transmisibles";"1 - CONTRIBUTIVO"
"CCF023";"Condiciones transmisibles y nutricionales";"2 - SUBSIDIADO"
"CCF023";"Condiciones transmisibles y nutricionales";"1 - CONTRIBUTIVO"
"CCF032";"Signos y sintomas mal definidos";"2 - SUBSIDIADO"
"CCF032";"Signos y sintomas mal definidos";"1 - CONTRIBUTIVO"
"CCF032";"Lesiones";"2 - SUBSIDIADO"
"CCF032";"Lesiones";"1 - CONTRIBUTIVO"
"CCF032";"Enfermedades no transmisibles";"2 - SUBSIDIADO"
"CCF032";"Enfermedades no transmisibles";"1 - CONTRIBUTIVO"
"CCF032";"Condiciones transmisibles y nutricionales";"2 - SUBSIDIADO"
"CCF032";"Condiciones transmisibles y nutricionales";"1 - CONTRIBUTIVO"
"CCF028";"Signos y sintomas mal definidos";"2 - SUBSIDIADO"
"CCF028";"Signos y sintomas mal definidos";"1 - CONTRIBUTIVO"
"CCF028";"Lesiones";"2 - SUBSIDIADO"
"CCF028";"Lesiones";"1 - CONTRIBUTIVO"
"CCF028";"Enfermedades no transmisibles";"2 - SUBSIDIADO"
"CCF028";"Enfermedades no transmisibles";"1 - CONTRIBUTIVO"
"CCF028";"Condiciones transmisibles y nutricionales";"2 - SUBSIDIADO"
"CCF028";"Condiciones transmisibles y nutricionales";"1 - CONTRIBUTIVO"
"CCF037";"Signos y sintomas mal definidos";"2 - SUBSIDIADO"
"CCF037";"Signos y sintomas mal definidos";"1 - CONTRIBUTIVO"
"CCF037";"Lesiones";"2 - SUBSIDIADO"
"CCF037";"Lesiones";"1 - CONTRIBUTIVO"
"CCF037";"Enfermedades no transmisibles";"2 - SUBSIDIADO"
"CCF037";"Enfermedades no transmisibles";"1 - CONTRIBUTIVO"
"CCF037";"Condiciones transmisibles y nutricionales";"2 - SUBSIDIADO"
"CCF037";"Condiciones transmisibles y nutricionales";"1 - CONTRIBUTIVO"
"CCF054";"Signos y sintomas mal definidos";"2 - SUBSIDIADO"
"CCF054";"Signos y sintomas mal definidos";"1 - CONTRIBUTIVO"
"CCF054";"Lesiones";"2 - SUBSIDIADO"
"CCF054";"Lesiones";"1 - CONTRIBUTIVO"
"CCF054";"Enfermedades no transmisibles";"2 - SUBSIDIADO"
"CCF054";"Enfermedades no transmisibles";"1 - CONTRIBUTIVO"
"CCF054";"Condiciones transmisibles y nutricionales";"2 - SUBSIDIADO"
"CCF054";"Condiciones transmisibles y nutricionales";"1 - CONTRIBUTIVO"
"CCFC53";"Signos y sintomas mal definidos";"2 - SUBSIDIADO"
"CCFC53";"Signos y sintomas mal definidos";"1 - CONTRIBUTIVO"
"CCFC53";"Lesiones";"2 - SUBSIDIADO"
"CCFC53";"Lesiones";"1 - CONTRIBUTIVO"
"CCFC53";"Enfermedades no transmisibles";"2 - SUBSIDIADO"
"CCFC53";"Enfermedades no transmisibles";"1 - CONTRIBUTIVO"
"CCFC53";"Condiciones transmisibles y nutricionales";"2 - SUBSIDIADO"
"CCFC53";"Condiciones transmisibles y nutricionales";"1 - CONTRIBUTIVO"
"CCF053";"Signos y sintomas mal definidos";"2 - SUBSIDIADO"
"CCF053";"Signos y sintomas mal definidos";"1 - CONTRIBUTIVO"
"CCF053";"Lesiones";"2 - SUBSIDIADO"
"CCF053";"Lesiones";"1 - CONTRIBUTIVO"
"CCF053";"Enfermedades no transmisibles";"2 - SUBSIDIADO"
"CCF053";"Enfermedades no transmisibles";"1 - CONTRIBUTIVO"
"CCF053";"Condiciones transmisibles y nutricionales";"2 - SUBSIDIADO"
"CCF053";"Condiciones transmisibles y nutricionales";"1 - CONTRIBUTIVO"
"CCFC15";"Signos y sintomas mal definidos";"2 - SUBSIDIADO"
"CCFC15";"Signos y sintomas mal definidos";"1 - CONTRIBUTIVO"
"CCFC15";"Lesiones";"2 - SUBSIDIADO"
"CCFC15";"Lesiones";"1 - CONTRIBUTIVO"
"CCFC15";"Enfermedades no transmisibles";"2 - SUBSIDIADO"
"CCFC15";"Enfermedades no transmisibles";"1 - CONTRIBUTIVO"
"CCFC15";"Condiciones transmisibles y nutricionales";"2 - SUBSIDIADO"
"CCFC15";"Condiciones transmisibles y nutricionales";"1 - CONTRIBUTIVO"
"CCF015";"Signos y sintomas mal definidos";"2 - SUBSIDIADO"
"CCF015";"Signos y sintomas mal definidos";"1 - CONTRIBUTIVO"
"CCF015";"Lesiones";"2 - SUBSIDIADO"
"CCF015";"Lesiones";"1 - CONTRIBUTIVO"
"CCF015";"Enfermedades no transmisibles";"2 - SUBSIDIADO"
"CCF015";"Enfermedades no transmisibles";"1 - CONTRIBUTIVO"
"CCF015";"Condiciones transmisibles y nutricionales";"2 - SUBSIDIADO"
"CCF015";"Condiciones transmisibles y nutricionales";"1 - CONTRIBUTIVO"
"CCFC09";"Signos y sintomas mal definidos";"2 - SUBSIDIADO"
"CCFC09";"Signos y sintomas mal definidos";"1 - CONTRIBUTIVO"
"CCFC09";"Lesiones";"2 - SUBSIDIADO"
"CCFC09";"Lesiones";"1 - CONTRIBUTIVO"
"CCFC09";"Enfermedades no transmisibles";"2 - SUBSIDIADO"
"CCFC09";"Enfermedades no transmisibles";"1 - CONTRIBUTIVO"
"CCFC09";"Condiciones transmisibles y nutricionales";"2 - SUBSIDIADO"
"CCFC09";"Condiciones transmisibles y nutricionales";"1 - CONTRIBUTIVO"
"CCF009";"Signos y sintomas mal definidos";"2 - SUBSIDIADO"
"CCF009";"Signos y sintomas mal definidos";"1 - CONTRIBUTIVO"
"CCF009";"Lesiones";"2 - SUBSIDIADO"
"CCF009";"Lesiones";"1 - CONTRIBUTIVO"
"CCF009";"Enfermedades no transmisibles";"2 - SUBSIDIADO"
"CCF009";"Enfermedades no transmisibles";"1 - CONTRIBUTIVO"
"CCF009";"Condiciones transmisibles y nutricionales";"2 - SUBSIDIADO"
"CCF009";"Condiciones transmisibles y nutricionales";"1 - CONTRIBUTIVO"
"CCF035";"Signos y sintomas mal definidos";"2 - SUBSIDIADO"
"CCF035";"Signos y sintomas mal definidos";"1 - CONTRIBUTIVO"
"CCF035";"Lesiones";"2 - SUBSIDIADO"
"CCF035";"Lesiones";"1 - CONTRIBUTIVO"
"CCF035";"Enfermedades no transmisibles";"2 - SUBSIDIADO"
"CCF035";"Enfermedades no transmisibles";"1 - CONTRIBUTIVO"
"CCF035";"Condiciones transmisibles y nutricionales";"2 - SUBSIDIADO"
"CCF035";"Condiciones transmisibles y nutricionales";"1 - CONTRIBUTIVO"
"CCFC02";"Signos y sintomas mal definidos";"2 - SUBSIDIADO"
"CCFC02";"Signos y sintomas mal definidos";"1 - CONTRIBUTIVO"
"CCFC02";"Lesiones";"2 - SUBSIDIADO"
"CCFC02";"Lesiones";"1 - CONTRIBUTIVO"
"CCFC02";"Enfermedades no transmisibles";"2 - SUBSIDIADO"
"CCFC02";"Enfermedades no transmisibles";"1 - CONTRIBUTIVO"
"CCFC02";"Condiciones transmisibles y nutricionales";"2 - SUBSIDIADO"
"CCFC02";"Condiciones transmisibles y nutricionales";"1 - CONTRIBUTIVO"
"CCF002";"Signos y sintomas mal definidos";"2 - SUBSIDIADO"
"CCF002";"Signos y sintomas mal definidos";"1 - CONTRIBUTIVO"
"CCF002";"Lesiones";"2 - SUBSIDIADO"
"CCF002";"Lesiones";"1 - CONTRIBUTIVO"
"CCF002";"Enfermedades no transmisibles";"2 - SUBSIDIADO"
"CCF002";"Enfermedades no transmisibles";"1 - CONTRIBUTIVO"
"CCF002";"Condiciones transmisibles y nutricionales";"2 - SUBSIDIADO"
"CCF002";"Condiciones transmisibles y nutricionales";"1 - CONTRIBUTIVO"
"CCF001";"Signos y sintomas mal definidos";"2 - SUBSIDIADO"
"CCF001";"Signos y sintomas mal definidos";"1 - CONTRIBUTIVO"
"CCF001";"Lesiones";"2 - SUBSIDIADO"
"CCF001";"Lesiones";"1 - CONTRIBUTIVO"
"CCF001";"Enfermedades no transmisibles";"2 - SUBSIDIADO"
"CCF001";"Enfermedades no transmisibles";"1 - CONTRIBUTIVO"
"CCF001";"Condiciones transmisibles y nutricionales";"2 - SUBSIDIADO"
"CCF001";"Condiciones transmisibles y nutricionales";"1 - CONTRIBUTIVO"
"CCF050";"Signos y sintomas mal definidos";"2 - SUBSIDIADO"
"CCF050";"Signos y sintomas mal definidos";"1 - CONTRIBUTIVO"
"CCF050";"Lesiones";"2 - SUBSIDIADO"
"CCF050";"Lesiones";"1 - CONTRIBUTIVO"
"CCF050";"Enfermedades no transmisibles";"2 - SUBSIDIADO"
"CCF050";"Enfermedades no transmisibles";"1 - CONTRIBUTIVO"
"CCF050";"Condiciones transmisibles y nutricionales";"2 - SUBSIDIADO"
"CCF050";"Condiciones transmisibles y nutricionales";"1 - CONTRIBUTIVO"
"CCFC50";"Signos y sintomas mal definidos";"2 - SUBSIDIADO"
"CCFC50";"Signos y sintomas mal definidos";"1 - CONTRIBUTIVO"
"CCFC50";"Lesiones";"2 - SUBSIDIADO"
"CCFC50";"Lesiones";"1 - CONTRIBUTIVO"
"CCFC50";"Enfermedades no transmisibles";"2 - SUBSIDIADO"
"CCFC50";"Enfermedades no transmisibles";"1 - CONTRIBUTIVO"
"CCFC50";"Condiciones transmisibles y nutricionales";"2 - SUBSIDIADO"
"CCFC50";"Condiciones transmisibles y nutricionales";"1 - CONTRIBUTIVO"
"CCFC18";"Signos y sintomas mal definidos";"2 - SUBSIDIADO"
"CCFC18";"Signos y sintomas mal definidos";"1 - CONTRIBUTIVO"
"CCFC18";"Lesiones";"2 - SUBSIDIADO"
"CCFC18";"Lesiones";"1 - CONTRIBUTIVO"
"CCFC18";"Enfermedades no transmisibles";"2 - SUBSIDIADO"
"CCFC18";"Enfermedades no transmisibles";"1 - CONTRIBUTIVO"
"CCFC18";"Condiciones transmisibles y nutricionales";"2 - SUBSIDIADO"
"CCFC18";"Condiciones transmisibles y nutricionales";"1 - CONTRIBUTIVO"
"CCF018";"Signos y sintomas mal definidos";"2 - SUBSIDIADO"
"CCF018";"Signos y sintomas mal definidos";"1 - CONTRIBUTIVO"
"CCF018";"Lesiones";"2 - SUBSIDIADO"
"CCF018";"Lesiones";"1 - CONTRIBUTIVO"
"CCF018";"Enfermedades no transmisibles";"2 - SUBSIDIADO"
"CCF018";"Enfermedades no transmisibles";"1 - CONTRIBUTIVO"
"CCF018";"Condiciones transmisibles y nutricionales";"2 - SUBSIDIADO"
"CCF018";"Condiciones transmisibles y nutricionales";"1 - CONTRIBUTIVO"
"CCFC07";"Signos y sintomas mal definidos";"2 - SUBSIDIADO"
"CCFC07";"Signos y sintomas mal definidos";"1 - CONTRIBUTIVO"
"CCFC07";"Lesiones";"2 - SUBSIDIADO"
"CCFC07";"Lesiones";"1 - CONTRIBUTIVO"
"CCFC07";"Enfermedades no transmisibles";"2 - SUBSIDIADO"
"CCFC07";"Enfermedades no transmisibles";"1 - CONTRIBUTIVO"
"CCFC07";"Condiciones transmisibles y nutricionales";"2 - SUBSIDIADO"
"CCFC07";"Condiciones transmisibles y nutricionales";"1 - CONTRIBUTIVO"
"CCF007";"Signos y sintomas mal definidos";"2 - SUBSIDIADO"
"CCF007";"Signos y sintomas mal definidos";"1 - CONTRIBUTIVO"
"CCF007";"Lesiones";"2 - SUBSIDIADO"
"CCF007";"Lesiones";"1 - CONTRIBUTIVO"
"CCF007";"Enfermedades no transmisibles";"2 - SUBSIDIADO"
"CCF007";"Enfermedades no transmisibles";"1 - CONTRIBUTIVO"
"CCF007";"Condiciones transmisibles y nutricionales";"2 - SUBSIDIADO"
"CCF007";"Condiciones transmisibles y nutricionales";"1 - CONTRIBUTIVO"
"EPSM03";"Signos y sintomas mal definidos";"2 - SUBSIDIADO"
"EPSM03";"Signos y sintomas mal definidos";"1 - CONTRIBUTIVO"
"EPSM03";"Lesiones";"2 - SUBSIDIADO"
"EPSM03";"Lesiones";"1 - CONTRIBUTIVO"
"EPSM03";"Enfermedades no transmisibles";"2 - SUBSIDIADO"
"EPSM03";"Enfermedades no transmisibles";"1 - CONTRIBUTIVO"
"EPSM03";"Condiciones transmisibles y nutricionales";"2 - SUBSIDIADO"
"EPSM03";"Condiciones transmisibles y nutricionales";"1 - CONTRIBUTIVO"
"EPS003";"Signos y sintomas mal definidos";"2 - SUBSIDIADO"
"EPS003";"Signos y sintomas mal definidos";"1 - CONTRIBUTIVO"
"EPS003";"Lesiones";"2 - SUBSIDIADO"
"EPS003";"Lesiones";"1 - CONTRIBUTIVO"
"EPS003";"Enfermedades no transmisibles";"2 - SUBSIDIADO"
"EPS003";"Enfermedades no transmisibles";"1 - CONTRIBUTIVO"
"EPS003";"Condiciones transmisibles y nutricionales";"2 - SUBSIDIADO"
"EPS003";"Condiciones transmisibles y nutricionales";"1 - CONTRIBUTIVO"
"EPSS03";"Signos y sintomas mal definidos";"2 - SUBSIDIADO"
"EPSS03";"Signos y sintomas mal definidos";"1 - CONTRIBUTIVO"
"EPSS03";"Lesiones";"2 - SUBSIDIADO"
"EPSS03";"Lesiones";"1 - CONTRIBUTIVO"
"EPSS03";"Enfermedades no transmisibles";"2 - SUBSIDIADO"
"EPSS03";"Enfermedades no transmisibles";"1 - CONTRIBUTIVO"
"EPSS03";"Condiciones transmisibles y nutricionales";"2 - SUBSIDIADO"
"EPSS03";"Condiciones transmisibles y nutricionales";"1 - CONTRIBUTIVO"
"ESS068";"Signos y sintomas mal definidos";"2 - SUBSIDIADO"
"ESS068";"Signos y sintomas mal definidos";"1 - CONTRIBUTIVO"
"ESS068";"Lesiones";"2 - SUBSIDIADO"
"ESS068";"Lesiones";"1 - CONTRIBUTIVO"
"ESS068";"Enfermedades no transmisibles";"2 - SUBSIDIADO"
"ESS068";"Enfermedades no transmisibles";"1 - CONTRIBUTIVO"
"ESS068";"Condiciones transmisibles y nutricionales";"2 - SUBSIDIADO"
"ESS068";"Condiciones transmisibles y nutricionales";"1 - CONTRIBUTIVO"
"ESSC07";"Signos y sintomas mal definidos";"2 - SUBSIDIADO"
"ESSC07";"Signos y sintomas mal definidos";"1 - CONTRIBUTIVO"
"ESSC07";"Lesiones";"2 - SUBSIDIADO"
"ESSC07";"Lesiones";"1 - CONTRIBUTIVO"
"ESSC07";"Enfermedades no transmisibles";"2 - SUBSIDIADO"
"ESSC07";"Enfermedades no transmisibles";"1 - CONTRIBUTIVO"
"ESSC07";"Condiciones transmisibles y nutricionales";"2 - SUBSIDIADO"
"ESSC07";"Condiciones transmisibles y nutricionales";"1 - CONTRIBUTIVO"
"ESS207";"Signos y sintomas mal definidos";"2 - SUBSIDIADO"
"ESS207";"Signos y sintomas mal definidos";"1 - CONTRIBUTIVO"
"ESS207";"Lesiones";"2 - SUBSIDIADO"
"ESS207";"Lesiones";"1 - CONTRIBUTIVO"
"ESS207";"Enfermedades no transmisibles";"2 - SUBSIDIADO"
"ESS207";"Enfermedades no transmisibles";"1 - CONTRIBUTIVO"
"ESS207";"Condiciones transmisibles y nutricionales";"2 - SUBSIDIADO"
"ESS207";"Condiciones transmisibles y nutricionales";"1 - CONTRIBUTIVO"
"EPSS48";"Signos y sintomas mal definidos";"2 - SUBSIDIADO"
"EPSS48";"Signos y sintomas mal definidos";"1 - CONTRIBUTIVO"
"EPSS48";"Lesiones";"2 - SUBSIDIADO"
"EPSS48";"Lesiones";"1 - CONTRIBUTIVO"
"EPSS48";"Enfermedades no transmisibles";"2 - SUBSIDIADO"
"EPSS48";"Enfermedades no transmisibles";"1 - CONTRIBUTIVO"
"EPSS48";"Condiciones transmisibles y nutricionales";"2 - SUBSIDIADO"
"EPSS48";"Condiciones transmisibles y nutricionales";"1 - CONTRIBUTIVO"
"EPS048";"Signos y sintomas mal definidos";"2 - SUBSIDIADO"
"EPS048";"Signos y sintomas mal definidos";"1 - CONTRIBUTIVO"
"EPS048";"Lesiones";"2 - SUBSIDIADO"
"EPS048";"Lesiones";"1 - CONTRIBUTIVO"
"EPS048";"Enfermedades no transmisibles";"2 - SUBSIDIADO"
"EPS048";"Enfermedades no transmisibles";"1 - CONTRIBUTIVO"
"EPS048";"Condiciones transmisibles y nutricionales";"2 - SUBSIDIADO"
"EPS048";"Condiciones transmisibles y nutricionales";"1 - CONTRIBUTIVO"
"ESSC62";"Signos y sintomas mal definidos";"2 - SUBSIDIADO"
"ESSC62";"Signos y sintomas mal definidos";"1 - CONTRIBUTIVO"
"ESSC62";"Lesiones";"2 - SUBSIDIADO"
"ESSC62";"Lesiones";"1 - CONTRIBUTIVO"
"ESSC62";"Enfermedades no transmisibles";"2 - SUBSIDIADO"
"ESSC62";"Enfermedades no transmisibles";"1 - CONTRIBUTIVO"
"ESSC62";"Condiciones transmisibles y nutricionales";"2 - SUBSIDIADO"
"ESSC62";"Condiciones transmisibles y nutricionales";"1 - CONTRIBUTIVO"
"ESS062";"Signos y sintomas mal definidos";"2 - SUBSIDIADO"
"ESS062";"Signos y sintomas mal definidos";"1 - CONTRIBUTIVO"
"ESS062";"Lesiones";"2 - SUBSIDIADO"
"ESS062";"Lesiones";"1 - CONTRIBUTIVO"
"ESS062";"Enfermedades no transmisibles";"2 - SUBSIDIADO"
"ESS062";"Enfermedades no transmisibles";"1 - CONTRIBUTIVO"
"ESS062";"Condiciones transmisibles y nutricionales";"2 - SUBSIDIADO"
"ESS062";"Condiciones transmisibles y nutricionales";"1 - CONTRIBUTIVO"
"ESS115";"Signos y sintomas mal definidos";"2 - SUBSIDIADO"
"ESS115";"Signos y sintomas mal definidos";"1 - CONTRIBUTIVO"
"ESS115";"Lesiones";"2 - SUBSIDIADO"
"ESS115";"Lesiones";"1 - CONTRIBUTIVO"
"ESS115";"Enfermedades no transmisibles";"2 - SUBSIDIADO"
"ESS115";"Enfermedades no transmisibles";"1 - CONTRIBUTIVO"
"ESS115";"Condiciones transmisibles y nutricionales";"2 - SUBSIDIADO"
"ESS115";"Condiciones transmisibles y nutricionales";"1 - CONTRIBUTIVO"
"ESSC18";"Signos y sintomas mal definidos";"2 - SUBSIDIADO"
"ESSC18";"Signos y sintomas mal definidos";"1 - CONTRIBUTIVO"
"ESSC18";"Lesiones";"2 - SUBSIDIADO"
"ESSC18";"Lesiones";"1 - CONTRIBUTIVO"
"ESSC18";"Enfermedades no transmisibles";"2 - SUBSIDIADO"
"ESSC18";"Enfermedades no transmisibles";"1 - CONTRIBUTIVO"
"ESSC18";"Condiciones transmisibles y nutricionales";"2 - SUBSIDIADO"
"ESSC18";"Condiciones transmisibles y nutricionales";"1 - CONTRIBUTIVO"
"ESS118";"Signos y sintomas mal definidos";"2 - SUBSIDIADO"
"ESS118";"Signos y sintomas mal definidos";"1 - CONTRIBUTIVO"
"ESS118";"Lesiones";"2 - SUBSIDIADO"
"ESS118";"Lesiones";"1 - CONTRIBUTIVO"
"ESS118";"Enfermedades no transmisibles";"2 - SUBSIDIADO"
"ESS118";"Enfermedades no transmisibles";"1 - CONTRIBUTIVO"
"ESS118";"Condiciones transmisibles y nutricionales";"2 - SUBSIDIADO"
"ESS118";"Condiciones transmisibles y nutricionales";"1 - CONTRIBUTIVO"
"ESSC76";"Signos y sintomas mal definidos";"2 - SUBSIDIADO"
"ESSC76";"Signos y sintomas mal definidos";"1 - CONTRIBUTIVO"
"ESSC76";"Lesiones";"2 - SUBSIDIADO"
"ESSC76";"Lesiones";"1 - CONTRIBUTIVO"
"ESSC76";"Enfermedades no transmisibles";"2 - SUBSIDIADO"
"ESSC76";"Enfermedades no transmisibles";"1 - CONTRIBUTIVO"
"ESSC76";"Condiciones transmisibles y nutricionales";"2 - SUBSIDIADO"
"ESSC76";"Condiciones transmisibles y nutricionales";"1 - CONTRIBUTIVO"
"ESS076";"Signos y sintomas mal definidos";"2 - SUBSIDIADO"
"ESS076";"Signos y sintomas mal definidos";"1 - CONTRIBUTIVO"
"ESS076";"Lesiones";"2 - SUBSIDIADO"
"ESS076";"Lesiones";"1 - CONTRIBUTIVO"
"ESS076";"Enfermedades no transmisibles";"2 - SUBSIDIADO"
"ESS076";"Enfermedades no transmisibles";"1 - CONTRIBUTIVO"
"ESS076";"Condiciones transmisibles y nutricionales";"2 - SUBSIDIADO"
"ESS076";"Condiciones transmisibles y nutricionales";"1 - CONTRIBUTIVO"
"EPSI01";"Signos y sintomas mal definidos";"2 - SUBSIDIADO"
"EPSI01";"Signos y sintomas mal definidos";"1 - CONTRIBUTIVO"
"EPSI01";"Lesiones";"2 - SUBSIDIADO"
"EPSI01";"Lesiones";"1 - CONTRIBUTIVO"
"EPSI01";"Enfermedades no transmisibles";"2 - SUBSIDIADO"
"EPSI01";"Enfermedades no transmisibles";"1 - CONTRIBUTIVO"
"EPSI01";"Condiciones transmisibles y nutricionales";"2 - SUBSIDIADO"
"EPSI01";"Condiciones transmisibles y nutricionales";"1 - CONTRIBUTIVO"
"EPSIC3";"Signos y sintomas mal definidos";"2 - SUBSIDIADO"
"EPSIC3";"Signos y sintomas mal definidos";"1 - CONTRIBUTIVO"
"EPSIC3";"Lesiones";"2 - SUBSIDIADO"
"EPSIC3";"Lesiones";"1 - CONTRIBUTIVO"
"EPSIC3";"Enfermedades no transmisibles";"2 - SUBSIDIADO"
"EPSIC3";"Enfermedades no transmisibles";"1 - CONTRIBUTIVO"
"EPSIC3";"Condiciones transmisibles y nutricionales";"2 - SUBSIDIADO"
"EPSIC3";"Condiciones transmisibles y nutricionales";"1 - CONTRIBUTIVO"
"EPSI03";"Signos y sintomas mal definidos";"2 - SUBSIDIADO"
"EPSI03";"Signos y sintomas mal definidos";"1 - CONTRIBUTIVO"
"EPSI03";"Lesiones";"2 - SUBSIDIADO"
"EPSI03";"Lesiones";"1 - CONTRIBUTIVO"
"EPSI03";"Enfermedades no transmisibles";"2 - SUBSIDIADO"
"EPSI03";"Enfermedades no transmisibles";"1 - CONTRIBUTIVO"
"EPSI03";"Condiciones transmisibles y nutricionales";"2 - SUBSIDIADO"
"EPSI03";"Condiciones transmisibles y nutricionales";"1 - CONTRIBUTIVO"
"EPSIC1";"Signos y sintomas mal definidos";"2 - SUBSIDIADO"
"EPSIC1";"Signos y sintomas mal definidos";"1 - CONTRIBUTIVO"
"EPSIC1";"Lesiones";"2 - SUBSIDIADO"
"EPSIC1";"Lesiones";"1 - CONTRIBUTIVO"
"EPSIC1";"Enfermedades no transmisibles";"2 - SUBSIDIADO"
"EPSIC1";"Enfermedades no transmisibles";"1 - CONTRIBUTIVO"
"EPSIC1";"Condiciones transmisibles y nutricionales";"2 - SUBSIDIADO"
"EPSIC1";"Condiciones transmisibles y nutricionales";"1 - CONTRIBUTIVO"
"EPSIC4";"Signos y sintomas mal definidos";"2 - SUBSIDIADO"
"EPSIC4";"Signos y sintomas mal definidos";"1 - CONTRIBUTIVO"
"EPSIC4";"Lesiones";"2 - SUBSIDIADO"
"EPSIC4";"Lesiones";"1 - CONTRIBUTIVO"
"EPSIC4";"Enfermedades no transmisibles";"2 - SUBSIDIADO"
"EPSIC4";"Enfermedades no transmisibles";"1 - CONTRIBUTIVO"
"EPSIC4";"Condiciones transmisibles y nutricionales";"2 - SUBSIDIADO"
"EPSIC4";"Condiciones transmisibles y nutricionales";"1 - CONTRIBUTIVO"
"EPSI04";"Signos y sintomas mal definidos";"2 - SUBSIDIADO"
"EPSI04";"Signos y sintomas mal definidos";"1 - CONTRIBUTIVO"
"EPSI04";"Lesiones";"2 - SUBSIDIADO"
"EPSI04";"Lesiones";"1 - CONTRIBUTIVO"
"EPSI04";"Enfermedades no transmisibles";"2 - SUBSIDIADO"
"EPSI04";"Enfermedades no transmisibles";"1 - CONTRIBUTIVO"
"EPSI04";"Condiciones transmisibles y nutricionales";"2 - SUBSIDIADO"
"EPSI04";"Condiciones transmisibles y nutricionales";"1 - CONTRIBUTIVO"
"EPSS01";"Signos y sintomas mal definidos";"2 - SUBSIDIADO"
"EPSS01";"Signos y sintomas mal definidos";"1 - CONTRIBUTIVO"
"EPSS01";"Lesiones";"2 - SUBSIDIADO"
"EPSS01";"Lesiones";"1 - CONTRIBUTIVO"
"EPSS01";"Enfermedades no transmisibles";"2 - SUBSIDIADO"
"EPSS01";"Enfermedades no transmisibles";"1 - CONTRIBUTIVO"
"EPSS01";"Condiciones transmisibles y nutricionales";"2 - SUBSIDIADO"
"EPSS01";"Condiciones transmisibles y nutricionales";"1 - CONTRIBUTIVO"
"EPS001";"Signos y sintomas mal definidos";"2 - SUBSIDIADO"
"EPS001";"Signos y sintomas mal definidos";"1 - CONTRIBUTIVO"
"EPS001";"Lesiones";"2 - SUBSIDIADO"
"EPS001";"Lesiones";"1 - CONTRIBUTIVO"
"EPS001";"Enfermedades no transmisibles";"2 - SUBSIDIADO"
"EPS001";"Enfermedades no transmisibles";"1 - CONTRIBUTIVO"
"EPS001";"Condiciones transmisibles y nutricionales";"2 - SUBSIDIADO"
"EPS001";"Condiciones transmisibles y nutricionales";"1 - CONTRIBUTIVO"
